strategyName,freq_time,size,fee,slippage,symbol,Strategytype,updatetime,All_args
AAVEUSDT-15K-OB,15,1.0,0.002,0.0025,AAVEUSDT,TurtleStrategy,2023-03-22,"{""highest_n1"": 770.0, ""lowest_n2"": 330.0, ""ATR_short1"": 180.0, ""ATR_long2"": 130.0}"
AAVEUSDT-15K-OB-DY,15,1.0,0.002,0.0025,AAVEUSDT,DynamicStrategy,2023-06-10,"{""ATR_short1"": 360.0, ""ATR_long2"": 130.0}"
AAVEUSDT-15K-OB-VCP,15,1.0,0.002,0.0025,AAVEUSDT,VCPStrategy,2023-04-08,"{""highest_n1"": 700.0, ""lowest_n2"": 550.0, ""std_n3"": 90.0, ""volume_n3"": 110.0}"
ACHUSDT-15K-OB,15,1.0,0.002,0.0025,ACHUSDT,TurtleStrategy,2023-03-28,"{""highest_n1"": 610.0, ""lowest_n2"": 350.0, ""ATR_short1"": 130.0, ""ATR_long2"": 50.0}"
ACHUSDT-15K-OB-DY,15,1.0,0.002,0.0025,ACHUSDT,DynamicStrategy,2023-06-19,"{""ATR_short1"": 60.0, ""ATR_long2"": 630.0}"
ACHUSDT-15K-OB-VCP,15,1.0,0.002,0.0025,ACHUSDT,VCPStrategy,2023-04-11,"{""highest_n1"": 300.0, ""lowest_n2"": 600.0, ""std_n3"": 50.0, ""volume_n3"": 150.0}"
ADAUSDT-15K-OB,15,1.0,0.002,0.0025,ADAUSDT,TurtleStrategy,2023-03-14,"{""highest_n1"": 690.0, ""lowest_n2"": 170.0, ""ATR_short1"": 100.0, ""ATR_long2"": 60.0}"
ADAUSDT-15K-OB-DY,15,1.0,0.002,0.0025,ADAUSDT,DynamicStrategy,2023-05-30,"{""ATR_short1"": 400.0, ""ATR_long2"": 830.0}"
ADAUSDT-15K-OB-VCP,15,1.0,0.002,0.0025,ADAUSDT,VCPStrategy,2023-04-05,"{""highest_n1"": 700.0, ""lowest_n2"": 50.0, ""std_n3"": 110.0, ""volume_n3"": 110.0}"
AGIXUSDT-15K-OB,15,1.0,0.002,0.0025,AGIXUSDT,TurtleStrategy,2023-03-28,"{""highest_n1"": 90.0, ""lowest_n2"": 70.0, ""ATR_short1"": 190.0, ""ATR_long2"": 30.0}"
AGIXUSDT-15K-OB-DY,15,1.0,0.002,0.0025,AGIXUSDT,DynamicStrategy,2023-06-19,"{""ATR_short1"": 520.0, ""ATR_long2"": 30.0}"
AGIXUSDT-15K-OB-VCP,15,1.0,0.002,0.0025,AGIXUSDT,VCPStrategy,2023-04-11,"{""highest_n1"": 50.0, ""lowest_n2"": 50.0, ""std_n3"": 60.0, ""volume_n3"": 190.0}"
ALGOUSDT-15K-OB,15,1.0,0.002,0.0025,ALGOUSDT,TurtleStrategy,2023-03-16,"{""highest_n1"": 550.0, ""lowest_n2"": 790.0, ""ATR_short1"": 170.0, ""ATR_long2"": 10.0}"
ALGOUSDT-15K-OB-DY,15,1.0,0.002,0.0025,ALGOUSDT,DynamicStrategy,2023-06-03,"{""ATR_short1"": 300.0, ""ATR_long2"": 600.0}"
ALGOUSDT-15K-OB-VCP,15,1.0,0.002,0.0025,ALGOUSDT,VCPStrategy,2023-04-07,"{""highest_n1"": 300.0, ""lowest_n2"": 600.0, ""std_n3"": 50.0, ""volume_n3"": 150.0}"
ALICEUSDT-15K-OB,15,1.0,0.002,0.0025,ALICEUSDT,TurtleStrategy,2023-03-25,"{""highest_n1"": 670.0, ""lowest_n2"": 250.0, ""ATR_short1"": 180.0, ""ATR_long2"": 10.0}"
ALICEUSDT-15K-OB-DY,15,1.0,0.002,0.0025,ALICEUSDT,DynamicStrategy,2023-06-13,"{""ATR_short1"": 380.0, ""ATR_long2"": 700.0}"
ALICEUSDT-15K-OB-VCP,15,1.0,0.002,0.0025,ALICEUSDT,VCPStrategy,2023-04-10,"{""highest_n1"": 200.0, ""lowest_n2"": 300.0, ""std_n3"": 170.0, ""volume_n3"": 60.0}"
ALPHAUSDT-15K-OB,15,1.0,0.002,0.0025,ALPHAUSDT,TurtleStrategy,2023-03-22,"{""highest_n1"": 750.0, ""lowest_n2"": 270.0, ""ATR_short1"": 130.0, ""ATR_long2"": 20.0}"
ALPHAUSDT-15K-OB-DY,15,1.0,0.002,0.0025,ALPHAUSDT,DynamicStrategy,2023-06-11,"{""ATR_short1"": 360.0, ""ATR_long2"": 60.0}"
ALPHAUSDT-15K-OB-VCP,15,1.0,0.002,0.0025,ALPHAUSDT,VCPStrategy,2023-04-09,"{""highest_n1"": 650.0, ""lowest_n2"": 300.0, ""std_n3"": 80.0, ""volume_n3"": 190.0}"
AMBUSDT-15K-OB-DY,15,1.0,0.002,0.0025,AMBUSDT,DynamicStrategy,2023-06-20,"{""ATR_short1"": 990.0, ""ATR_long2"": 10.0}"
AMBUSDT-15K-OB-VCP,15,1.0,0.002,0.0025,AMBUSDT,VCPStrategy,2023-04-13,"{""highest_n1"": 50.0, ""lowest_n2"": 100.0, ""std_n3"": 190.0, ""volume_n3"": 50.0}"
ANKRUSDT-15K-OB,15,1.0,0.002,0.0025,ANKRUSDT,TurtleStrategy,2023-03-23,"{""highest_n1"": 690.0, ""lowest_n2"": 370.0, ""ATR_short1"": 100.0, ""ATR_long2"": 10.0}"
ANKRUSDT-15K-OB-DY,15,1.0,0.002,0.0025,ANKRUSDT,DynamicStrategy,2023-06-12,"{""ATR_short1"": 920.0, ""ATR_long2"": 10.0}"
ANKRUSDT-15K-OB-VCP,15,1.0,0.002,0.0025,ANKRUSDT,VCPStrategy,2023-04-09,"{""highest_n1"": 750.0, ""lowest_n2"": 400.0, ""std_n3"": 160.0, ""volume_n3"": 190.0}"
ANTUSDT-15K-OB,15,1.0,0.002,0.0025,ANTUSDT,TurtleStrategy,2023-03-27,"{""highest_n1"": 790.0, ""lowest_n2"": 250.0, ""ATR_short1"": 180.0, ""ATR_long2"": 90.0}"
ANTUSDT-15K-OB-DY,15,1.0,0.002,0.0025,ANTUSDT,DynamicStrategy,2023-06-18,"{""ATR_short1"": 800.0, ""ATR_long2"": 940.0}"
ANTUSDT-15K-OB-VCP,15,1.0,0.002,0.0025,ANTUSDT,VCPStrategy,2023-04-11,"{""highest_n1"": 400.0, ""lowest_n2"": 250.0, ""std_n3"": 140.0, ""volume_n3"": 80.0}"
APEUSDT-15K-OB,15,1.0,0.002,0.0025,APEUSDT,TurtleStrategy,2023-03-27,"{""highest_n1"": 470.0, ""lowest_n2"": 610.0, ""ATR_short1"": 180.0, ""ATR_long2"": 20.0}"
APEUSDT-15K-OB-DY,15,1.0,0.002,0.0025,APEUSDT,DynamicStrategy,2023-06-19,"{""ATR_short1"": 690.0, ""ATR_long2"": 850.0}"
APEUSDT-15K-OB-VCP,15,1.0,0.002,0.0025,APEUSDT,VCPStrategy,2023-04-11,"{""highest_n1"": 400.0, ""lowest_n2"": 650.0, ""std_n3"": 120.0, ""volume_n3"": 90.0}"
APTUSDT-15K-OB,15,1.0,0.002,0.0025,APTUSDT,TurtleStrategy,2023-03-28,"{""highest_n1"": 450.0, ""lowest_n2"": 390.0, ""ATR_short1"": 70.0, ""ATR_long2"": 60.0}"
APTUSDT-15K-OB-DY,15,1.0,0.002,0.0025,APTUSDT,DynamicStrategy,2023-06-19,"{""ATR_short1"": 200.0, ""ATR_long2"": 840.0}"
APTUSDT-15K-OB-VCP,15,1.0,0.002,0.0025,APTUSDT,VCPStrategy,2023-04-11,"{""highest_n1"": 500.0, ""lowest_n2"": 450.0, ""std_n3"": 120.0, ""volume_n3"": 190.0}"
ARBUSDT-15K-OB-DY,15,1.0,0.002,0.0025,ARBUSDT,DynamicStrategy,2023-06-20,"{""ATR_short1"": 280.0, ""ATR_long2"": 480.0}"
ARBUSDT-15K-OB-VCP,15,1.0,0.002,0.0025,ARBUSDT,VCPStrategy,2023-04-13,"{""highest_n1"": 50.0, ""lowest_n2"": 50.0, ""std_n3"": 60.0, ""volume_n3"": 190.0}"
ARPAUSDT-15K-OB,15,1.0,0.002,0.0025,ARPAUSDT,TurtleStrategy,2023-03-27,"{""highest_n1"": 270.0, ""lowest_n2"": 310.0, ""ATR_short1"": 50.0, ""ATR_long2"": 40.0}"
ARPAUSDT-15K-OB-DY,15,1.0,0.002,0.0025,ARPAUSDT,DynamicStrategy,2023-06-18,"{""ATR_short1"": 110.0, ""ATR_long2"": 940.0}"
ARPAUSDT-15K-OB-VCP,15,1.0,0.002,0.0025,ARPAUSDT,VCPStrategy,2023-04-11,"{""highest_n1"": 700.0, ""lowest_n2"": 650.0, ""std_n3"": 150.0, ""volume_n3"": 120.0}"
ARUSDT-15K-OB,15,1.0,0.002,0.0025,ARUSDT,TurtleStrategy,2023-03-27,"{""highest_n1"": 690.0, ""lowest_n2"": 790.0, ""ATR_short1"": 190.0, ""ATR_long2"": 150.0}"
ARUSDT-15K-OB-DY,15,1.0,0.002,0.0025,ARUSDT,DynamicStrategy,2023-06-18,"{""ATR_short1"": 260.0, ""ATR_long2"": 50.0}"
ARUSDT-15K-OB-VCP,15,1.0,0.002,0.0025,ARUSDT,VCPStrategy,2023-04-10,"{""highest_n1"": 100.0, ""lowest_n2"": 100.0, ""std_n3"": 100.0, ""volume_n3"": 100.0}"
ASTRUSDT-15K-OB,15,1.0,0.002,0.0025,ASTRUSDT,TurtleStrategy,2023-03-28,"{""highest_n1"": 90.0, ""lowest_n2"": 250.0, ""ATR_short1"": 90.0, ""ATR_long2"": 30.0}"
ASTRUSDT-15K-OB-DY,15,1.0,0.002,0.0025,ASTRUSDT,DynamicStrategy,2023-06-19,"{""ATR_short1"": 760.0, ""ATR_long2"": 990.0}"
ASTRUSDT-15K-OB-VCP,15,1.0,0.002,0.0025,ASTRUSDT,VCPStrategy,2023-04-11,"{""highest_n1"": 100.0, ""lowest_n2"": 250.0, ""std_n3"": 60.0, ""volume_n3"": 140.0}"
ATAUSDT-15K-OB,15,1.0,0.002,0.0025,ATAUSDT,TurtleStrategy,2023-03-27,"{""highest_n1"": 790.0, ""lowest_n2"": 250.0, ""ATR_short1"": 110.0, ""ATR_long2"": 10.0}"
ATAUSDT-15K-OB-DY,15,1.0,0.002,0.0025,ATAUSDT,DynamicStrategy,2023-06-17,"{""ATR_short1"": 300.0, ""ATR_long2"": 600.0}"
ATAUSDT-15K-OB-VCP,15,1.0,0.002,0.0025,ATAUSDT,VCPStrategy,2023-04-10,"{""highest_n1"": 300.0, ""lowest_n2"": 600.0, ""std_n3"": 50.0, ""volume_n3"": 150.0}"
ATOMUSDT-15K-OB,15,1.0,0.002,0.0025,ATOMUSDT,TurtleStrategy,2023-03-15,"{""highest_n1"": 630.0, ""lowest_n2"": 690.0, ""ATR_short1"": 130.0, ""ATR_long2"": 10.0}"
ATOMUSDT-15K-OB-DY,15,1.0,0.002,0.0025,ATOMUSDT,DynamicStrategy,2023-05-31,"{""ATR_short1"": 460.0, ""ATR_long2"": 570.0}"
ATOMUSDT-15K-OB-VCP,15,1.0,0.002,0.0025,ATOMUSDT,VCPStrategy,2023-04-06,"{""highest_n1"": 600.0, ""lowest_n2"": 700.0, ""std_n3"": 110.0, ""volume_n3"": 80.0}"
AUDIOUSDT-15K-OB,15,1.0,0.002,0.0025,AUDIOUSDT,TurtleStrategy,2023-03-27,"{""highest_n1"": 310.0, ""lowest_n2"": 90.0, ""ATR_short1"": 190.0, ""ATR_long2"": 50.0}"
AUDIOUSDT-15K-OB-DY,15,1.0,0.002,0.0025,AUDIOUSDT,DynamicStrategy,2023-06-17,"{""ATR_short1"": 300.0, ""ATR_long2"": 600.0}"
AUDIOUSDT-15K-OB-VCP,15,1.0,0.002,0.0025,AUDIOUSDT,VCPStrategy,2023-04-10,"{""highest_n1"": 550.0, ""lowest_n2"": 50.0, ""std_n3"": 190.0, ""volume_n3"": 170.0}"
AVAXUSDT-15K-OB,15,1.0,0.002,0.0025,AVAXUSDT,TurtleStrategy,2023-03-21,"{""highest_n1"": 750.0, ""lowest_n2"": 530.0, ""ATR_short1"": 180.0, ""ATR_long2"": 60.0}"
AVAXUSDT-15K-OB-DY,15,1.0,0.002,0.0025,AVAXUSDT,DynamicStrategy,2023-06-09,"{""ATR_short1"": 140.0, ""ATR_long2"": 610.0}"
AVAXUSDT-15K-OB-VCP,15,1.0,0.002,0.0025,AVAXUSDT,VCPStrategy,2023-04-08,"{""highest_n1"": 500.0, ""lowest_n2"": 550.0, ""std_n3"": 60.0, ""volume_n3"": 110.0}"
AXSUSDT-15K-OB,15,1.0,0.002,0.0025,AXSUSDT,TurtleStrategy,2023-03-22,"{""highest_n1"": 690.0, ""lowest_n2"": 210.0, ""ATR_short1"": 190.0, ""ATR_long2"": 10.0}"
AXSUSDT-15K-OB-DY,15,1.0,0.002,0.0025,AXSUSDT,DynamicStrategy,2023-06-11,"{""ATR_short1"": 270.0, ""ATR_long2"": 190.0}"
AXSUSDT-15K-OB-VCP,15,1.0,0.002,0.0025,AXSUSDT,VCPStrategy,2023-04-09,"{""highest_n1"": 600.0, ""lowest_n2"": 600.0, ""std_n3"": 130.0, ""volume_n3"": 190.0}"
BAKEUSDT-15K-OB,15,1.0,0.002,0.0025,BAKEUSDT,TurtleStrategy,2023-03-26,"{""highest_n1"": 790.0, ""lowest_n2"": 270.0, ""ATR_short1"": 80.0, ""ATR_long2"": 10.0}"
BAKEUSDT-15K-OB-DY,15,1.0,0.002,0.0025,BAKEUSDT,DynamicStrategy,2023-06-17,"{""ATR_short1"": 300.0, ""ATR_long2"": 600.0}"
BAKEUSDT-15K-OB-VCP,15,1.0,0.002,0.0025,BAKEUSDT,VCPStrategy,2023-04-10,"{""highest_n1"": 650.0, ""lowest_n2"": 400.0, ""std_n3"": 160.0, ""volume_n3"": 180.0}"
BALUSDT-15K-OB,15,1.0,0.002,0.0025,BALUSDT,TurtleStrategy,2023-03-19,"{""highest_n1"": 50.0, ""lowest_n2"": 210.0, ""ATR_short1"": 50.0, ""ATR_long2"": 150.0}"
BALUSDT-15K-OB-DY,15,1.0,0.002,0.0025,BALUSDT,DynamicStrategy,2023-06-07,"{""ATR_short1"": 630.0, ""ATR_long2"": 90.0}"
BALUSDT-15K-OB-VCP,15,1.0,0.002,0.0025,BALUSDT,VCPStrategy,2023-04-08,"{""highest_n1"": 300.0, ""lowest_n2"": 200.0, ""std_n3"": 100.0, ""volume_n3"": 180.0}"
BANDUSDT-15K-OB,15,1.0,0.002,0.0025,BANDUSDT,TurtleStrategy,2023-03-17,"{""highest_n1"": 230.0, ""lowest_n2"": 670.0, ""ATR_short1"": 110.0, ""ATR_long2"": 50.0}"
BANDUSDT-15K-OB-DY,15,1.0,0.002,0.0025,BANDUSDT,DynamicStrategy,2023-06-05,"{""ATR_short1"": 530.0, ""ATR_long2"": 670.0}"
BANDUSDT-15K-OB-VCP,15,1.0,0.002,0.0025,BANDUSDT,VCPStrategy,2023-04-07,"{""highest_n1"": 450.0, ""lowest_n2"": 750.0, ""std_n3"": 140.0, ""volume_n3"": 190.0}"
BATUSDT-15K-OB,15,1.0,0.002,0.0025,BATUSDT,TurtleStrategy,2023-03-15,"{""highest_n1"": 610.0, ""lowest_n2"": 510.0, ""ATR_short1"": 180.0, ""ATR_long2"": 170.0}"
BATUSDT-15K-OB-DY,15,1.0,0.002,0.0025,BATUSDT,DynamicStrategy,2023-06-01,"{""ATR_short1"": 40.0, ""ATR_long2"": 90.0}"
BATUSDT-15K-OB-VCP,15,1.0,0.002,0.0025,BATUSDT,VCPStrategy,2023-04-06,"{""highest_n1"": 400.0, ""lowest_n2"": 750.0, ""std_n3"": 110.0, ""volume_n3"": 170.0}"
BCHUSDT-15K-OB,15,1.0,0.002,0.0025,BCHUSDT,TurtleStrategy,2023-03-12,"{""highest_n1"": 650.0, ""lowest_n2"": 690.0, ""ATR_short1"": 190.0, ""ATR_long2"": 40.0}"
BCHUSDT-15K-OB-DY,15,1.0,0.002,0.0025,BCHUSDT,DynamicStrategy,2023-05-28,"{""ATR_short1"": 360.0, ""ATR_long2"": 500.0}"
BCHUSDT-15K-OB-VCP,15,1.0,0.002,0.0025,BCHUSDT,VCPStrategy,2023-04-05,"{""highest_n1"": 250.0, ""lowest_n2"": 700.0, ""std_n3"": 130.0, ""volume_n3"": 60.0}"
BELUSDT-15K-OB,15,1.0,0.002,0.0025,BELUSDT,TurtleStrategy,2023-03-22,"{""highest_n1"": 190.0, ""lowest_n2"": 210.0, ""ATR_short1"": 140.0, ""ATR_long2"": 20.0}"
BELUSDT-15K-OB-DY,15,1.0,0.002,0.0025,BELUSDT,DynamicStrategy,2023-06-11,"{""ATR_short1"": 270.0, ""ATR_long2"": 10.0}"
BELUSDT-15K-OB-VCP,15,1.0,0.002,0.0025,BELUSDT,VCPStrategy,2023-04-09,"{""highest_n1"": 650.0, ""lowest_n2"": 750.0, ""std_n3"": 120.0, ""volume_n3"": 110.0}"
BLUEBIRDUSDT-15K-OB,15,1.0,0.002,0.0025,BLUEBIRDUSDT,TurtleStrategy,2023-03-28,"{""highest_n1"": 550.0, ""lowest_n2"": 570.0, ""ATR_short1"": 120.0, ""ATR_long2"": 20.0}"
BLUEBIRDUSDT-15K-OB-DY,15,1.0,0.002,0.0025,BLUEBIRDUSDT,DynamicStrategy,2023-06-19,"{""ATR_short1"": 190.0, ""ATR_long2"": 770.0}"
BLUEBIRDUSDT-15K-OB-VCP,15,1.0,0.002,0.0025,BLUEBIRDUSDT,VCPStrategy,2023-04-11,"{""highest_n1"": 750.0, ""lowest_n2"": 450.0, ""std_n3"": 80.0, ""volume_n3"": 190.0}"
BLURUSDT-15K-OB-DY,15,1.0,0.002,0.0025,BLURUSDT,DynamicStrategy,2023-06-20,"{""ATR_short1"": 300.0, ""ATR_long2"": 600.0}"
BLZUSDT-15K-OB,15,1.0,0.002,0.0025,BLZUSDT,TurtleStrategy,2023-03-21,"{""highest_n1"": 710.0, ""lowest_n2"": 350.0, ""ATR_short1"": 110.0, ""ATR_long2"": 30.0}"
BLZUSDT-15K-OB-DY,15,1.0,0.002,0.0025,BLZUSDT,DynamicStrategy,2023-06-08,"{""ATR_short1"": 130.0, ""ATR_long2"": 10.0}"
BLZUSDT-15K-OB-VCP,15,1.0,0.002,0.0025,BLZUSDT,VCPStrategy,2023-04-08,"{""highest_n1"": 700.0, ""lowest_n2"": 350.0, ""std_n3"": 130.0, ""volume_n3"": 190.0}"
BNBUSDT-15K-OB,15,1.0,0.002,0.0025,BNBUSDT,TurtleStrategy,2023-03-14,"{""highest_n1"": 530.0, ""lowest_n2"": 470.0, ""ATR_short1"": 120.0, ""ATR_long2"": 70.0}"
BNBUSDT-15K-OB-DY,15,1.0,0.002,0.0025,BNBUSDT,DynamicStrategy,2023-05-31,"{""ATR_short1"": 390.0, ""ATR_long2"": 460.0}"
BNBUSDT-15K-OB-VCP,15,1.0,0.002,0.0025,BNBUSDT,VCPStrategy,2023-04-06,"{""highest_n1"": 750.0, ""lowest_n2"": 250.0, ""std_n3"": 160.0, ""volume_n3"": 50.0}"
BNXUSDT-15K-OB,15,1.0,0.002,0.0025,BNXUSDT,TurtleStrategy,2023-03-28,"{""highest_n1"": 610.0, ""lowest_n2"": 350.0, ""ATR_short1"": 130.0, ""ATR_long2"": 50.0}"
BNXUSDT-15K-OB-DY,15,1.0,0.002,0.0025,BNXUSDT,DynamicStrategy,2023-06-19,"{""ATR_short1"": 220.0, ""ATR_long2"": 850.0}"
BNXUSDT-15K-OB-VCP,15,1.0,0.002,0.0025,BNXUSDT,VCPStrategy,2023-04-11,"{""highest_n1"": 300.0, ""lowest_n2"": 600.0, ""std_n3"": 50.0, ""volume_n3"": 150.0}"
BTCDOMUSDT-15K-OB,15,1.0,0.002,0.0025,BTCDOMUSDT,TurtleStrategy,2023-03-26,"{""highest_n1"": 570.0, ""lowest_n2"": 690.0, ""ATR_short1"": 150.0, ""ATR_long2"": 110.0}"
BTCDOMUSDT-15K-OB-DY,15,1.0,0.002,0.0025,BTCDOMUSDT,DynamicStrategy,2023-06-17,"{""ATR_short1"": 460.0, ""ATR_long2"": 770.0}"
BTCDOMUSDT-15K-OB-VCP,15,1.0,0.002,0.0025,BTCDOMUSDT,VCPStrategy,2023-04-10,"{""highest_n1"": 650.0, ""lowest_n2"": 700.0, ""std_n3"": 110.0, ""volume_n3"": 190.0}"
BTCSTUSDT-15K-OB,15,1.0,0.002,0.0025,BTCSTUSDT,TurtleStrategy,2023-03-25,"{""highest_n1"": 610.0, ""lowest_n2"": 350.0, ""ATR_short1"": 130.0, ""ATR_long2"": 50.0}"
BTCSTUSDT-15K-OB-VCP,15,1.0,0.002,0.0025,BTCSTUSDT,VCPStrategy,2023-04-10,"{""highest_n1"": 300.0, ""lowest_n2"": 600.0, ""std_n3"": 50.0, ""volume_n3"": 150.0}"
BTCUSDT-15K-OB,15,1.0,0.002,0.0025,BTCUSDT,TurtleStrategy,2023-03-11,"{""highest_n1"": 570.0, ""lowest_n2"": 370.0, ""ATR_short1"": 100.0, ""ATR_long2"": 190.0}"
BTCUSDT-15K-OB-DY,15,1.0,0.002,0.0025,BTCUSDT,DynamicStrategy,2023-05-28,"{""ATR_short1"": 60.0, ""ATR_long2"": 300.0}"
BTCUSDT-15K-OB-VCP,15,1.0,0.002,0.0025,BTCUSDT,VCPStrategy,2023-04-05,"{""highest_n1"": 250.0, ""lowest_n2"": 700.0, ""std_n3"": 50.0, ""volume_n3"": 150.0}"
BTSUSDT-15K-OB,15,1.0,0.002,0.0025,BTSUSDT,TurtleStrategy,2023-03-23,"{""highest_n1"": 410.0, ""lowest_n2"": 490.0, ""ATR_short1"": 140.0, ""ATR_long2"": 90.0}"
BTSUSDT-15K-OB-VCP,15,1.0,0.002,0.0025,BTSUSDT,VCPStrategy,2023-04-09,"{""highest_n1"": 750.0, ""lowest_n2"": 500.0, ""std_n3"": 170.0, ""volume_n3"": 80.0}"
CELOUSDT-15K-OB,15,1.0,0.002,0.0025,CELOUSDT,TurtleStrategy,2023-03-27,"{""highest_n1"": 770.0, ""lowest_n2"": 70.0, ""ATR_short1"": 150.0, ""ATR_long2"": 140.0}"
CELOUSDT-15K-OB-DY,15,1.0,0.002,0.0025,CELOUSDT,DynamicStrategy,2023-06-18,"{""ATR_short1"": 300.0, ""ATR_long2"": 600.0}"
CELOUSDT-15K-OB-VCP,15,1.0,0.002,0.0025,CELOUSDT,VCPStrategy,2023-04-10,"{""highest_n1"": 300.0, ""lowest_n2"": 600.0, ""std_n3"": 50.0, ""volume_n3"": 150.0}"
CELRUSDT-15K-OB,15,1.0,0.002,0.0025,CELRUSDT,TurtleStrategy,2023-03-26,"{""highest_n1"": 570.0, ""lowest_n2"": 590.0, ""ATR_short1"": 190.0, ""ATR_long2"": 10.0}"
CELRUSDT-15K-OB-DY,15,1.0,0.002,0.0025,CELRUSDT,DynamicStrategy,2023-06-15,"{""ATR_short1"": 980.0, ""ATR_long2"": 10.0}"
CELRUSDT-15K-OB-VCP,15,1.0,0.002,0.0025,CELRUSDT,VCPStrategy,2023-04-10,"{""highest_n1"": 200.0, ""lowest_n2"": 300.0, ""std_n3"": 150.0, ""volume_n3"": 90.0}"
CFXUSDT-15K-OB,15,1.0,0.002,0.0025,CFXUSDT,TurtleStrategy,2023-03-28,"{""highest_n1"": 70.0, ""lowest_n2"": 50.0, ""ATR_short1"": 90.0, ""ATR_long2"": 190.0}"
CFXUSDT-15K-OB-DY,15,1.0,0.002,0.0025,CFXUSDT,DynamicStrategy,2023-06-19,"{""ATR_short1"": 680.0, ""ATR_long2"": 990.0}"
CFXUSDT-15K-OB-VCP,15,1.0,0.002,0.0025,CFXUSDT,VCPStrategy,2023-04-11,"{""highest_n1"": 300.0, ""lowest_n2"": 600.0, ""std_n3"": 50.0, ""volume_n3"": 150.0}"
CHRUSDT-15K-OB,15,1.0,0.002,0.0025,CHRUSDT,TurtleStrategy,2023-03-25,"{""highest_n1"": 430.0, ""lowest_n2"": 590.0, ""ATR_short1"": 190.0, ""ATR_long2"": 90.0}"
CHRUSDT-15K-OB-DY,15,1.0,0.002,0.0025,CHRUSDT,DynamicStrategy,2023-06-13,"{""ATR_short1"": 540.0, ""ATR_long2"": 280.0}"
CHRUSDT-15K-OB-VCP,15,1.0,0.002,0.0025,CHRUSDT,VCPStrategy,2023-04-10,"{""highest_n1"": 600.0, ""lowest_n2"": 500.0, ""std_n3"": 160.0, ""volume_n3"": 190.0}"
CHZUSDT-15K-OB,15,1.0,0.002,0.0025,CHZUSDT,TurtleStrategy,2023-03-23,"{""highest_n1"": 530.0, ""lowest_n2"": 370.0, ""ATR_short1"": 150.0, ""ATR_long2"": 10.0}"
CHZUSDT-15K-OB-DY,15,1.0,0.002,0.0025,CHZUSDT,DynamicStrategy,2023-06-12,"{""ATR_short1"": 760.0, ""ATR_long2"": 980.0}"
CHZUSDT-15K-OB-VCP,15,1.0,0.002,0.0025,CHZUSDT,VCPStrategy,2023-04-09,"{""highest_n1"": 750.0, ""lowest_n2"": 750.0, ""std_n3"": 180.0, ""volume_n3"": 190.0}"
CKBUSDT-15K-OB,15,1.0,0.002,0.0025,CKBUSDT,TurtleStrategy,2023-03-28,"{""highest_n1"": 610.0, ""lowest_n2"": 350.0, ""ATR_short1"": 130.0, ""ATR_long2"": 50.0}"
CKBUSDT-15K-OB-DY,15,1.0,0.002,0.0025,CKBUSDT,DynamicStrategy,2023-06-20,"{""ATR_short1"": 10.0, ""ATR_long2"": 250.0}"
CKBUSDT-15K-OB-VCP,15,1.0,0.002,0.0025,CKBUSDT,VCPStrategy,2023-04-11,"{""highest_n1"": 300.0, ""lowest_n2"": 600.0, ""std_n3"": 50.0, ""volume_n3"": 150.0}"
COCOSUSDT-15K-OB,15,1.0,0.002,0.0025,COCOSUSDT,TurtleStrategy,2023-03-28,"{""highest_n1"": 50.0, ""lowest_n2"": 50.0, ""ATR_short1"": 130.0, ""ATR_long2"": 110.0}"
COCOSUSDT-15K-OB-VCP,15,1.0,0.002,0.0025,COCOSUSDT,VCPStrategy,2023-04-11,"{""highest_n1"": 300.0, ""lowest_n2"": 600.0, ""std_n3"": 50.0, ""volume_n3"": 150.0}"
COMBOUSDT-15K-OB-DY,15,1.0,0.002,0.0025,COMBOUSDT,DynamicStrategy,2023-06-20,"{""ATR_short1"": 310.0, ""ATR_long2"": 280.0}"
COMPUSDT-15K-OB,15,1.0,0.002,0.0025,COMPUSDT,TurtleStrategy,2023-03-16,"{""highest_n1"": 670.0, ""lowest_n2"": 130.0, ""ATR_short1"": 160.0, ""ATR_long2"": 60.0}"
COMPUSDT-15K-OB-DY,15,1.0,0.002,0.0025,COMPUSDT,DynamicStrategy,2023-06-04,"{""ATR_short1"": 360.0, ""ATR_long2"": 840.0}"
COMPUSDT-15K-OB-VCP,15,1.0,0.002,0.0025,COMPUSDT,VCPStrategy,2023-04-07,"{""highest_n1"": 400.0, ""lowest_n2"": 750.0, ""std_n3"": 70.0, ""volume_n3"": 190.0}"
COTIUSDT-15K-OB,15,1.0,0.002,0.0025,COTIUSDT,TurtleStrategy,2023-03-25,"{""highest_n1"": 430.0, ""lowest_n2"": 310.0, ""ATR_short1"": 130.0, ""ATR_long2"": 20.0}"
COTIUSDT-15K-OB-DY,15,1.0,0.002,0.0025,COTIUSDT,DynamicStrategy,2023-06-13,"{""ATR_short1"": 300.0, ""ATR_long2"": 600.0}"
COTIUSDT-15K-OB-VCP,15,1.0,0.002,0.0025,COTIUSDT,VCPStrategy,2023-04-10,"{""highest_n1"": 400.0, ""lowest_n2"": 300.0, ""std_n3"": 80.0, ""volume_n3"": 100.0}"
CRVUSDT-15K-OB,15,1.0,0.002,0.0025,CRVUSDT,TurtleStrategy,2023-03-19,"{""highest_n1"": 230.0, ""lowest_n2"": 130.0, ""ATR_short1"": 110.0, ""ATR_long2"": 20.0}"
CRVUSDT-15K-OB-DY,15,1.0,0.002,0.0025,CRVUSDT,DynamicStrategy,2023-06-07,"{""ATR_short1"": 460.0, ""ATR_long2"": 10.0}"
CRVUSDT-15K-OB-VCP,15,1.0,0.002,0.0025,CRVUSDT,VCPStrategy,2023-04-08,"{""highest_n1"": 100.0, ""lowest_n2"": 400.0, ""std_n3"": 60.0, ""volume_n3"": 170.0}"
CTKUSDT-15K-OB,15,1.0,0.002,0.0025,CTKUSDT,TurtleStrategy,2023-03-22,"{""highest_n1"": 770.0, ""lowest_n2"": 430.0, ""ATR_short1"": 140.0, ""ATR_long2"": 20.0}"
CTKUSDT-15K-OB-DY,15,1.0,0.002,0.0025,CTKUSDT,DynamicStrategy,2023-06-11,"{""ATR_short1"": 260.0, ""ATR_long2"": 210.0}"
CTKUSDT-15K-OB-VCP,15,1.0,0.002,0.0025,CTKUSDT,VCPStrategy,2023-04-09,"{""highest_n1"": 750.0, ""lowest_n2"": 550.0, ""std_n3"": 160.0, ""volume_n3"": 150.0}"
CTSIUSDT-15K-OB,15,1.0,0.002,0.0025,CTSIUSDT,TurtleStrategy,2023-03-27,"{""highest_n1"": 590.0, ""lowest_n2"": 290.0, ""ATR_short1"": 70.0, ""ATR_long2"": 30.0}"
CTSIUSDT-15K-OB-DY,15,1.0,0.002,0.0025,CTSIUSDT,DynamicStrategy,2023-06-18,"{""ATR_short1"": 290.0, ""ATR_long2"": 190.0}"
CTSIUSDT-15K-OB-VCP,15,1.0,0.002,0.0025,CTSIUSDT,VCPStrategy,2023-04-11,"{""highest_n1"": 150.0, ""lowest_n2"": 300.0, ""std_n3"": 150.0, ""volume_n3"": 50.0}"
CVCUSDT-15K-OB,15,1.0,0.002,0.0025,CVCUSDT,TurtleStrategy,2023-03-22,"{""highest_n1"": 590.0, ""lowest_n2"": 290.0, ""ATR_short1"": 80.0, ""ATR_long2"": 50.0}"
CVCUSDT-15K-OB-VCP,15,1.0,0.002,0.0025,CVCUSDT,VCPStrategy,2023-04-09,"{""highest_n1"": 550.0, ""lowest_n2"": 250.0, ""std_n3"": 80.0, ""volume_n3"": 190.0}"
CVXUSDT-15K-OB,15,1.0,0.002,0.0025,CVXUSDT,TurtleStrategy,2023-03-28,"{""highest_n1"": 570.0, ""lowest_n2"": 250.0, ""ATR_short1"": 120.0, ""ATR_long2"": 110.0}"
CVXUSDT-15K-OB-DY,15,1.0,0.002,0.0025,CVXUSDT,DynamicStrategy,2023-06-19,"{""ATR_short1"": 480.0, ""ATR_long2"": 570.0}"
CVXUSDT-15K-OB-VCP,15,1.0,0.002,0.0025,CVXUSDT,VCPStrategy,2023-04-11,"{""highest_n1"": 150.0, ""lowest_n2"": 350.0, ""std_n3"": 190.0, ""volume_n3"": 180.0}"
DARUSDT-15K-OB,15,1.0,0.002,0.0025,DARUSDT,TurtleStrategy,2023-03-28,"{""highest_n1"": 310.0, ""lowest_n2"": 290.0, ""ATR_short1"": 180.0, ""ATR_long2"": 10.0}"
DARUSDT-15K-OB-DY,15,1.0,0.002,0.0025,DARUSDT,DynamicStrategy,2023-06-19,"{""ATR_short1"": 60.0, ""ATR_long2"": 140.0}"
DARUSDT-15K-OB-VCP,15,1.0,0.002,0.0025,DARUSDT,VCPStrategy,2023-04-11,"{""highest_n1"": 750.0, ""lowest_n2"": 250.0, ""std_n3"": 110.0, ""volume_n3"": 190.0}"
DASHUSDT-15K-OB,15,1.0,0.002,0.0025,DASHUSDT,TurtleStrategy,2023-03-14,"{""highest_n1"": 570.0, ""lowest_n2"": 350.0, ""ATR_short1"": 60.0, ""ATR_long2"": 50.0}"
DASHUSDT-15K-OB-DY,15,1.0,0.002,0.0025,DASHUSDT,DynamicStrategy,2023-05-31,"{""ATR_short1"": 160.0, ""ATR_long2"": 330.0}"
DASHUSDT-15K-OB-VCP,15,1.0,0.002,0.0025,DASHUSDT,VCPStrategy,2023-04-05,"{""highest_n1"": 550.0, ""lowest_n2"": 350.0, ""std_n3"": 60.0, ""volume_n3"": 70.0}"
DEFIUSDT-15K-OB,15,1.0,0.002,0.0025,DEFIUSDT,TurtleStrategy,2023-03-19,"{""highest_n1"": 90.0, ""lowest_n2"": 490.0, ""ATR_short1"": 70.0, ""ATR_long2"": 180.0}"
DEFIUSDT-15K-OB-DY,15,1.0,0.002,0.0025,DEFIUSDT,DynamicStrategy,2023-06-07,"{""ATR_short1"": 10.0, ""ATR_long2"": 190.0}"
DEFIUSDT-15K-OB-VCP,15,1.0,0.002,0.0025,DEFIUSDT,VCPStrategy,2023-04-07,"{""highest_n1"": 650.0, ""lowest_n2"": 700.0, ""std_n3"": 90.0, ""volume_n3"": 60.0}"
DENTUSDT-15K-OB,15,1.0,0.002,0.0025,DENTUSDT,TurtleStrategy,2023-03-26,"{""highest_n1"": 770.0, ""lowest_n2"": 150.0, ""ATR_short1"": 50.0, ""ATR_long2"": 10.0}"
DENTUSDT-15K-OB-DY,15,1.0,0.002,0.0025,DENTUSDT,DynamicStrategy,2023-06-14,"{""ATR_short1"": 310.0, ""ATR_long2"": 360.0}"
DENTUSDT-15K-OB-VCP,15,1.0,0.002,0.0025,DENTUSDT,VCPStrategy,2023-04-10,"{""highest_n1"": 550.0, ""lowest_n2"": 150.0, ""std_n3"": 140.0, ""volume_n3"": 70.0}"
DGBUSDT-15K-OB,15,1.0,0.002,0.0025,DGBUSDT,TurtleStrategy,2023-03-26,"{""highest_n1"": 790.0, ""lowest_n2"": 410.0, ""ATR_short1"": 80.0, ""ATR_long2"": 20.0}"
DGBUSDT-15K-OB-DY,15,1.0,0.002,0.0025,DGBUSDT,DynamicStrategy,2023-06-16,"{""ATR_short1"": 340.0, ""ATR_long2"": 720.0}"
DGBUSDT-15K-OB-VCP,15,1.0,0.002,0.0025,DGBUSDT,VCPStrategy,2023-04-10,"{""highest_n1"": 700.0, ""lowest_n2"": 350.0, ""std_n3"": 150.0, ""volume_n3"": 190.0}"
DOGEUSDT-15K-OB,15,1.0,0.002,0.0025,DOGEUSDT,TurtleStrategy,2023-03-16,"{""highest_n1"": 590.0, ""lowest_n2"": 250.0, ""ATR_short1"": 170.0, ""ATR_long2"": 140.0}"
DOGEUSDT-15K-OB-DY,15,1.0,0.002,0.0025,DOGEUSDT,DynamicStrategy,2023-06-05,"{""ATR_short1"": 970.0, ""ATR_long2"": 20.0}"
DOGEUSDT-15K-OB-VCP,15,1.0,0.002,0.0025,DOGEUSDT,VCPStrategy,2023-04-07,"{""highest_n1"": 450.0, ""lowest_n2"": 250.0, ""std_n3"": 160.0, ""volume_n3"": 170.0}"
DOTUSDT-15K-OB,15,1.0,0.002,0.0025,DOTUSDT,TurtleStrategy,2023-03-19,"{""highest_n1"": 510.0, ""lowest_n2"": 550.0, ""ATR_short1"": 180.0, ""ATR_long2"": 10.0}"
DOTUSDT-15K-OB-DY,15,1.0,0.002,0.0025,DOTUSDT,DynamicStrategy,2023-06-07,"{""ATR_short1"": 300.0, ""ATR_long2"": 200.0}"
DOTUSDT-15K-OB-VCP,15,1.0,0.002,0.0025,DOTUSDT,VCPStrategy,2023-04-07,"{""highest_n1"": 600.0, ""lowest_n2"": 550.0, ""std_n3"": 170.0, ""volume_n3"": 100.0}"
DUSKUSDT-15K-OB,15,1.0,0.002,0.0025,DUSKUSDT,TurtleStrategy,2023-03-27,"{""highest_n1"": 550.0, ""lowest_n2"": 290.0, ""ATR_short1"": 160.0, ""ATR_long2"": 100.0}"
DUSKUSDT-15K-OB-DY,15,1.0,0.002,0.0025,DUSKUSDT,DynamicStrategy,2023-06-18,"{""ATR_short1"": 470.0, ""ATR_long2"": 10.0}"
DUSKUSDT-15K-OB-VCP,15,1.0,0.002,0.0025,DUSKUSDT,VCPStrategy,2023-04-11,"{""highest_n1"": 150.0, ""lowest_n2"": 50.0, ""std_n3"": 150.0, ""volume_n3"": 50.0}"
DYDXUSDT-15K-OB,15,1.0,0.002,0.0025,DYDXUSDT,TurtleStrategy,2023-03-27,"{""highest_n1"": 750.0, ""lowest_n2"": 290.0, ""ATR_short1"": 190.0, ""ATR_long2"": 160.0}"
DYDXUSDT-15K-OB-DY,15,1.0,0.002,0.0025,DYDXUSDT,DynamicStrategy,2023-06-17,"{""ATR_short1"": 530.0, ""ATR_long2"": 40.0}"
DYDXUSDT-15K-OB-VCP,15,1.0,0.002,0.0025,DYDXUSDT,VCPStrategy,2023-04-10,"{""highest_n1"": 150.0, ""lowest_n2"": 250.0, ""std_n3"": 190.0, ""volume_n3"": 190.0}"
EDUUSDT-15K-OB-DY,15,1.0,0.002,0.0025,EDUUSDT,DynamicStrategy,2023-06-20,"{""ATR_short1"": 130.0, ""ATR_long2"": 120.0}"
EGLDUSDT-15K-OB,15,1.0,0.002,0.0025,EGLDUSDT,TurtleStrategy,2023-03-21,"{""highest_n1"": 650.0, ""lowest_n2"": 130.0, ""ATR_short1"": 150.0, ""ATR_long2"": 70.0}"
EGLDUSDT-15K-OB-DY,15,1.0,0.002,0.0025,EGLDUSDT,DynamicStrategy,2023-06-08,"{""ATR_short1"": 730.0, ""ATR_long2"": 880.0}"
EGLDUSDT-15K-OB-VCP,15,1.0,0.002,0.0025,EGLDUSDT,VCPStrategy,2023-04-08,"{""highest_n1"": 650.0, ""lowest_n2"": 100.0, ""std_n3"": 110.0, ""volume_n3"": 60.0}"
ENJUSDT-15K-OB,15,1.0,0.002,0.0025,ENJUSDT,TurtleStrategy,2023-03-21,"{""highest_n1"": 670.0, ""lowest_n2"": 590.0, ""ATR_short1"": 190.0, ""ATR_long2"": 160.0}"
ENJUSDT-15K-OB-DY,15,1.0,0.002,0.0025,ENJUSDT,DynamicStrategy,2023-06-09,"{""ATR_short1"": 130.0, ""ATR_long2"": 100.0}"
ENJUSDT-15K-OB-VCP,15,1.0,0.002,0.0025,ENJUSDT,VCPStrategy,2023-04-08,"{""highest_n1"": 650.0, ""lowest_n2"": 550.0, ""std_n3"": 170.0, ""volume_n3"": 130.0}"
ENSUSDT-15K-OB,15,1.0,0.002,0.0025,ENSUSDT,TurtleStrategy,2023-03-27,"{""highest_n1"": 710.0, ""lowest_n2"": 550.0, ""ATR_short1"": 70.0, ""ATR_long2"": 60.0}"
ENSUSDT-15K-OB-DY,15,1.0,0.002,0.0025,ENSUSDT,DynamicStrategy,2023-06-18,"{""ATR_short1"": 300.0, ""ATR_long2"": 600.0}"
ENSUSDT-15K-OB-VCP,15,1.0,0.002,0.0025,ENSUSDT,VCPStrategy,2023-04-11,"{""highest_n1"": 350.0, ""lowest_n2"": 550.0, ""std_n3"": 90.0, ""volume_n3"": 80.0}"
EOSUSDT-15K-OB,15,1.0,0.002,0.0025,EOSUSDT,TurtleStrategy,2023-03-12,"{""highest_n1"": 650.0, ""lowest_n2"": 350.0, ""ATR_short1"": 190.0, ""ATR_long2"": 30.0}"
EOSUSDT-15K-OB-DY,15,1.0,0.002,0.0025,EOSUSDT,DynamicStrategy,2023-05-29,"{""ATR_short1"": 110.0, ""ATR_long2"": 220.0}"
EOSUSDT-15K-OB-VCP,15,1.0,0.002,0.0025,EOSUSDT,VCPStrategy,2023-04-05,"{""highest_n1"": 750.0, ""lowest_n2"": 350.0, ""std_n3"": 170.0, ""volume_n3"": 190.0}"
ETCUSDT-15K-OB,15,1.0,0.002,0.0025,ETCUSDT,TurtleStrategy,2023-03-13,"{""highest_n1"": 730.0, ""lowest_n2"": 130.0, ""ATR_short1"": 120.0, ""ATR_long2"": 10.0}"
ETCUSDT-15K-OB-DY,15,1.0,0.002,0.0025,ETCUSDT,DynamicStrategy,2023-05-29,"{""ATR_short1"": 40.0, ""ATR_long2"": 10.0}"
ETCUSDT-15K-OB-VCP,15,1.0,0.002,0.0025,ETCUSDT,VCPStrategy,2023-04-05,"{""highest_n1"": 700.0, ""lowest_n2"": 300.0, ""std_n3"": 160.0, ""volume_n3"": 190.0}"
ETHUSDT-15K-OB,15,1.0,0.002,0.0025,ETHUSDT,TurtleStrategy,2023-03-12,"{""highest_n1"": 670.0, ""lowest_n2"": 450.0, ""ATR_short1"": 50.0, ""ATR_long2"": 160.0}"
ETHUSDT-15K-OB-DY,15,1.0,0.002,0.0025,ETHUSDT,DynamicStrategy,2023-05-28,"{""ATR_short1"": 390.0, ""ATR_long2"": 680.0}"
ETHUSDT-15K-OB-VCP,15,1.0,0.002,0.0025,ETHUSDT,VCPStrategy,2023-04-05,"{""highest_n1"": 650.0, ""lowest_n2"": 750.0, ""std_n3"": 120.0, ""volume_n3"": 190.0}"
FETUSDT-15K-OB,15,1.0,0.002,0.0025,FETUSDT,TurtleStrategy,2023-03-28,"{""highest_n1"": 110.0, ""lowest_n2"": 110.0, ""ATR_short1"": 100.0, ""ATR_long2"": 30.0}"
FETUSDT-15K-OB-DY,15,1.0,0.002,0.0025,FETUSDT,DynamicStrategy,2023-06-19,"{""ATR_short1"": 400.0, ""ATR_long2"": 10.0}"
FETUSDT-15K-OB-VCP,15,1.0,0.002,0.0025,FETUSDT,VCPStrategy,2023-04-11,"{""highest_n1"": 550.0, ""lowest_n2"": 50.0, ""std_n3"": 190.0, ""volume_n3"": 90.0}"
FILUSDT-15K-OB,15,1.0,0.002,0.0025,FILUSDT,TurtleStrategy,2023-03-22,"{""highest_n1"": 650.0, ""lowest_n2"": 270.0, ""ATR_short1"": 80.0, ""ATR_long2"": 10.0}"
FILUSDT-15K-OB-DY,15,1.0,0.002,0.0025,FILUSDT,DynamicStrategy,2023-06-10,"{""ATR_short1"": 110.0, ""ATR_long2"": 120.0}"
FILUSDT-15K-OB-VCP,15,1.0,0.002,0.0025,FILUSDT,VCPStrategy,2023-04-08,"{""highest_n1"": 250.0, ""lowest_n2"": 250.0, ""std_n3"": 100.0, ""volume_n3"": 190.0}"
FLMUSDT-15K-OB,15,1.0,0.002,0.0025,FLMUSDT,TurtleStrategy,2023-03-21,"{""highest_n1"": 370.0, ""lowest_n2"": 450.0, ""ATR_short1"": 50.0, ""ATR_long2"": 20.0}"
FLMUSDT-15K-OB-DY,15,1.0,0.002,0.0025,FLMUSDT,DynamicStrategy,2023-06-10,"{""ATR_short1"": 360.0, ""ATR_long2"": 140.0}"
FLMUSDT-15K-OB-VCP,15,1.0,0.002,0.0025,FLMUSDT,VCPStrategy,2023-04-08,"{""highest_n1"": 350.0, ""lowest_n2"": 450.0, ""std_n3"": 50.0, ""volume_n3"": 100.0}"
FLOWUSDT-15K-OB,15,1.0,0.002,0.0025,FLOWUSDT,TurtleStrategy,2023-03-27,"{""highest_n1"": 550.0, ""lowest_n2"": 150.0, ""ATR_short1"": 140.0, ""ATR_long2"": 80.0}"
FLOWUSDT-15K-OB-DY,15,1.0,0.002,0.0025,FLOWUSDT,DynamicStrategy,2023-06-18,"{""ATR_short1"": 150.0, ""ATR_long2"": 120.0}"
FLOWUSDT-15K-OB-VCP,15,1.0,0.002,0.0025,FLOWUSDT,VCPStrategy,2023-04-11,"{""highest_n1"": 650.0, ""lowest_n2"": 450.0, ""std_n3"": 190.0, ""volume_n3"": 110.0}"
FOOTBALLUSDT-15K-OB,15,1.0,0.002,0.0025,FOOTBALLUSDT,TurtleStrategy,2023-03-28,"{""highest_n1"": 450.0, ""lowest_n2"": 390.0, ""ATR_short1"": 150.0, ""ATR_long2"": 120.0}"
FOOTBALLUSDT-15K-OB-DY,15,1.0,0.002,0.0025,FOOTBALLUSDT,DynamicStrategy,2023-06-19,"{""ATR_short1"": 20.0, ""ATR_long2"": 340.0}"
FOOTBALLUSDT-15K-OB-VCP,15,1.0,0.002,0.0025,FOOTBALLUSDT,VCPStrategy,2023-04-11,"{""highest_n1"": 350.0, ""lowest_n2"": 50.0, ""std_n3"": 60.0, ""volume_n3"": 60.0}"
FTMUSDT-15K-OB,15,1.0,0.002,0.0025,FTMUSDT,TurtleStrategy,2023-03-21,"{""highest_n1"": 450.0, ""lowest_n2"": 290.0, ""ATR_short1"": 140.0, ""ATR_long2"": 50.0}"
FTMUSDT-15K-OB-DY,15,1.0,0.002,0.0025,FTMUSDT,DynamicStrategy,2023-06-09,"{""ATR_short1"": 540.0, ""ATR_long2"": 410.0}"
FTMUSDT-15K-OB-VCP,15,1.0,0.002,0.0025,FTMUSDT,VCPStrategy,2023-04-08,"{""highest_n1"": 300.0, ""lowest_n2"": 250.0, ""std_n3"": 50.0, ""volume_n3"": 80.0}"
FTTUSDT-15K-OB,15,1.0,0.002,0.0025,FTTUSDT,TurtleStrategy,2023-03-28,"{""highest_n1"": 270.0, ""lowest_n2"": 130.0, ""ATR_short1"": 160.0, ""ATR_long2"": 130.0}"
FTTUSDT-15K-OB-VCP,15,1.0,0.002,0.0025,FTTUSDT,VCPStrategy,2023-04-11,"{""highest_n1"": 300.0, ""lowest_n2"": 600.0, ""std_n3"": 50.0, ""volume_n3"": 150.0}"
FXSUSDT-15K-OB,15,1.0,0.002,0.0025,FXSUSDT,TurtleStrategy,2023-03-28,"{""highest_n1"": 170.0, ""lowest_n2"": 210.0, ""ATR_short1"": 170.0, ""ATR_long2"": 70.0}"
FXSUSDT-15K-OB-DY,15,1.0,0.002,0.0025,FXSUSDT,DynamicStrategy,2023-06-19,"{""ATR_short1"": 300.0, ""ATR_long2"": 600.0}"
FXSUSDT-15K-OB-VCP,15,1.0,0.002,0.0025,FXSUSDT,VCPStrategy,2023-04-11,"{""highest_n1"": 150.0, ""lowest_n2"": 100.0, ""std_n3"": 140.0, ""volume_n3"": 90.0}"
GALAUSDT-15K-OB,15,1.0,0.002,0.0025,GALAUSDT,TurtleStrategy,2023-03-27,"{""highest_n1"": 750.0, ""lowest_n2"": 270.0, ""ATR_short1"": 60.0, ""ATR_long2"": 40.0}"
GALAUSDT-15K-OB-DY,15,1.0,0.002,0.0025,GALAUSDT,DynamicStrategy,2023-06-18,"{""ATR_short1"": 250.0, ""ATR_long2"": 330.0}"
GALAUSDT-15K-OB-VCP,15,1.0,0.002,0.0025,GALAUSDT,VCPStrategy,2023-04-10,"{""highest_n1"": 600.0, ""lowest_n2"": 150.0, ""std_n3"": 50.0, ""volume_n3"": 130.0}"
GALUSDT-15K-OB,15,1.0,0.002,0.0025,GALUSDT,TurtleStrategy,2023-03-28,"{""highest_n1"": 350.0, ""lowest_n2"": 470.0, ""ATR_short1"": 100.0, ""ATR_long2"": 20.0}"
GALUSDT-15K-OB-DY,15,1.0,0.002,0.0025,GALUSDT,DynamicStrategy,2023-06-19,"{""ATR_short1"": 90.0, ""ATR_long2"": 320.0}"
GALUSDT-15K-OB-VCP,15,1.0,0.002,0.0025,GALUSDT,VCPStrategy,2023-04-11,"{""highest_n1"": 550.0, ""lowest_n2"": 500.0, ""std_n3"": 130.0, ""volume_n3"": 190.0}"
GMTUSDT-15K-OB,15,1.0,0.002,0.0025,GMTUSDT,TurtleStrategy,2023-03-27,"{""highest_n1"": 630.0, ""lowest_n2"": 710.0, ""ATR_short1"": 190.0, ""ATR_long2"": 70.0}"
GMTUSDT-15K-OB-DY,15,1.0,0.002,0.0025,GMTUSDT,DynamicStrategy,2023-06-19,"{""ATR_short1"": 740.0, ""ATR_long2"": 850.0}"
GMTUSDT-15K-OB-VCP,15,1.0,0.002,0.0025,GMTUSDT,VCPStrategy,2023-04-11,"{""highest_n1"": 600.0, ""lowest_n2"": 700.0, ""std_n3"": 150.0, ""volume_n3"": 190.0}"
GMXUSDT-15K-OB,15,1.0,0.002,0.0025,GMXUSDT,TurtleStrategy,2023-03-28,"{""highest_n1"": 150.0, ""lowest_n2"": 70.0, ""ATR_short1"": 180.0, ""ATR_long2"": 20.0}"
GMXUSDT-15K-OB-DY,15,1.0,0.002,0.0025,GMXUSDT,DynamicStrategy,2023-06-19,"{""ATR_short1"": 120.0, ""ATR_long2"": 900.0}"
GMXUSDT-15K-OB-VCP,15,1.0,0.002,0.0025,GMXUSDT,VCPStrategy,2023-04-11,"{""highest_n1"": 300.0, ""lowest_n2"": 600.0, ""std_n3"": 50.0, ""volume_n3"": 150.0}"
GRTUSDT-15K-OB,15,1.0,0.002,0.0025,GRTUSDT,TurtleStrategy,2023-03-23,"{""highest_n1"": 770.0, ""lowest_n2"": 50.0, ""ATR_short1"": 110.0, ""ATR_long2"": 10.0}"
GRTUSDT-15K-OB-DY,15,1.0,0.002,0.0025,GRTUSDT,DynamicStrategy,2023-06-12,"{""ATR_short1"": 920.0, ""ATR_long2"": 60.0}"
GRTUSDT-15K-OB-VCP,15,1.0,0.002,0.0025,GRTUSDT,VCPStrategy,2023-04-09,"{""highest_n1"": 750.0, ""lowest_n2"": 350.0, ""std_n3"": 170.0, ""volume_n3"": 60.0}"
GTCUSDT-15K-OB,15,1.0,0.002,0.0025,GTCUSDT,TurtleStrategy,2023-03-26,"{""highest_n1"": 530.0, ""lowest_n2"": 110.0, ""ATR_short1"": 160.0, ""ATR_long2"": 10.0}"
GTCUSDT-15K-OB-DY,15,1.0,0.002,0.0025,GTCUSDT,DynamicStrategy,2023-06-17,"{""ATR_short1"": 750.0, ""ATR_long2"": 10.0}"
GTCUSDT-15K-OB-VCP,15,1.0,0.002,0.0025,GTCUSDT,VCPStrategy,2023-04-10,"{""highest_n1"": 650.0, ""lowest_n2"": 100.0, ""std_n3"": 140.0, ""volume_n3"": 190.0}"
HBARUSDT-15K-OB,15,1.0,0.002,0.0025,HBARUSDT,TurtleStrategy,2023-03-25,"{""highest_n1"": 770.0, ""lowest_n2"": 110.0, ""ATR_short1"": 190.0, ""ATR_long2"": 10.0}"
HBARUSDT-15K-OB-DY,15,1.0,0.002,0.0025,HBARUSDT,DynamicStrategy,2023-06-14,"{""ATR_short1"": 300.0, ""ATR_long2"": 600.0}"
HBARUSDT-15K-OB-VCP,15,1.0,0.002,0.0025,HBARUSDT,VCPStrategy,2023-04-10,"{""highest_n1"": 750.0, ""lowest_n2"": 150.0, ""std_n3"": 180.0, ""volume_n3"": 60.0}"
HFTUSDT-15K-OB-DY,15,1.0,0.002,0.0025,HFTUSDT,DynamicStrategy,2023-06-20,"{""ATR_short1"": 490.0, ""ATR_long2"": 380.0}"
HFTUSDT-15K-OB-VCP,15,1.0,0.002,0.0025,HFTUSDT,VCPStrategy,2023-04-13,"{""highest_n1"": 300.0, ""lowest_n2"": 600.0, ""std_n3"": 50.0, ""volume_n3"": 150.0}"
HIGHUSDT-15K-OB,15,1.0,0.002,0.0025,HIGHUSDT,TurtleStrategy,2023-03-28,"{""highest_n1"": 90.0, ""lowest_n2"": 90.0, ""ATR_short1"": 160.0, ""ATR_long2"": 190.0}"
HIGHUSDT-15K-OB-DY,15,1.0,0.002,0.0025,HIGHUSDT,DynamicStrategy,2023-06-19,"{""ATR_short1"": 690.0, ""ATR_long2"": 10.0}"
HIGHUSDT-15K-OB-VCP,15,1.0,0.002,0.0025,HIGHUSDT,VCPStrategy,2023-04-11,"{""highest_n1"": 100.0, ""lowest_n2"": 100.0, ""std_n3"": 140.0, ""volume_n3"": 190.0}"
HNTUSDT-15K-OB,15,1.0,0.002,0.0025,HNTUSDT,TurtleStrategy,2023-03-21,"{""highest_n1"": 790.0, ""lowest_n2"": 670.0, ""ATR_short1"": 160.0, ""ATR_long2"": 150.0}"
HNTUSDT-15K-OB-VCP,15,1.0,0.002,0.0025,HNTUSDT,VCPStrategy,2023-04-08,"{""highest_n1"": 750.0, ""lowest_n2"": 700.0, ""std_n3"": 50.0, ""volume_n3"": 190.0}"
HOOKUSDT-15K-OB,15,1.0,0.002,0.0025,HOOKUSDT,TurtleStrategy,2023-03-28,"{""highest_n1"": 250.0, ""lowest_n2"": 50.0, ""ATR_short1"": 100.0, ""ATR_long2"": 70.0}"
HOOKUSDT-15K-OB-DY,15,1.0,0.002,0.0025,HOOKUSDT,DynamicStrategy,2023-06-19,"{""ATR_short1"": 380.0, ""ATR_long2"": 890.0}"
HOOKUSDT-15K-OB-VCP,15,1.0,0.002,0.0025,HOOKUSDT,VCPStrategy,2023-04-11,"{""highest_n1"": 150.0, ""lowest_n2"": 50.0, ""std_n3"": 130.0, ""volume_n3"": 190.0}"
HOTUSDT-15K-OB,15,1.0,0.002,0.0025,HOTUSDT,TurtleStrategy,2023-03-26,"{""highest_n1"": 790.0, ""lowest_n2"": 190.0, ""ATR_short1"": 110.0, ""ATR_long2"": 40.0}"
HOTUSDT-15K-OB-DY,15,1.0,0.002,0.0025,HOTUSDT,DynamicStrategy,2023-06-15,"{""ATR_short1"": 130.0, ""ATR_long2"": 230.0}"
HOTUSDT-15K-OB-VCP,15,1.0,0.002,0.0025,HOTUSDT,VCPStrategy,2023-04-10,"{""highest_n1"": 750.0, ""lowest_n2"": 100.0, ""std_n3"": 150.0, ""volume_n3"": 50.0}"
ICPUSDT-15K-OB,15,1.0,0.002,0.0025,ICPUSDT,TurtleStrategy,2023-03-28,"{""highest_n1"": 330.0, ""lowest_n2"": 610.0, ""ATR_short1"": 190.0, ""ATR_long2"": 150.0}"
ICPUSDT-15K-OB-DY,15,1.0,0.002,0.0025,ICPUSDT,DynamicStrategy,2023-06-19,"{""ATR_short1"": 70.0, ""ATR_long2"": 120.0}"
ICPUSDT-15K-OB-VCP,15,1.0,0.002,0.0025,ICPUSDT,VCPStrategy,2023-04-11,"{""highest_n1"": 750.0, ""lowest_n2"": 350.0, ""std_n3"": 90.0, ""volume_n3"": 100.0}"
ICXUSDT-15K-OB,15,1.0,0.002,0.0025,ICXUSDT,TurtleStrategy,2023-03-21,"{""highest_n1"": 650.0, ""lowest_n2"": 190.0, ""ATR_short1"": 170.0, ""ATR_long2"": 70.0}"
ICXUSDT-15K-OB-DY,15,1.0,0.002,0.0025,ICXUSDT,DynamicStrategy,2023-06-08,"{""ATR_short1"": 640.0, ""ATR_long2"": 10.0}"
ICXUSDT-15K-OB-VCP,15,1.0,0.002,0.0025,ICXUSDT,VCPStrategy,2023-04-08,"{""highest_n1"": 400.0, ""lowest_n2"": 200.0, ""std_n3"": 140.0, ""volume_n3"": 60.0}"
IDEXUSDT-15K-OB-DY,15,1.0,0.002,0.0025,IDEXUSDT,DynamicStrategy,2023-06-20,"{""ATR_short1"": 790.0, ""ATR_long2"": 730.0}"
IDUSDT-15K-OB-DY,15,1.0,0.002,0.0025,IDUSDT,DynamicStrategy,2023-06-20,"{""ATR_short1"": 530.0, ""ATR_long2"": 610.0}"
IDUSDT-15K-OB-VCP,15,1.0,0.002,0.0025,IDUSDT,VCPStrategy,2023-04-13,"{""highest_n1"": 50.0, ""lowest_n2"": 100.0, ""std_n3"": 70.0, ""volume_n3"": 190.0}"
IMXUSDT-15K-OB,15,1.0,0.002,0.0025,IMXUSDT,TurtleStrategy,2023-03-27,"{""highest_n1"": 510.0, ""lowest_n2"": 690.0, ""ATR_short1"": 170.0, ""ATR_long2"": 10.0}"
IMXUSDT-15K-OB-DY,15,1.0,0.002,0.0025,IMXUSDT,DynamicStrategy,2023-06-18,"{""ATR_short1"": 770.0, ""ATR_long2"": 80.0}"
IMXUSDT-15K-OB-VCP,15,1.0,0.002,0.0025,IMXUSDT,VCPStrategy,2023-04-11,"{""highest_n1"": 600.0, ""lowest_n2"": 700.0, ""std_n3"": 160.0, ""volume_n3"": 100.0}"
INJUSDT-15K-OB,15,1.0,0.002,0.0025,INJUSDT,TurtleStrategy,2023-03-28,"{""highest_n1"": 670.0, ""lowest_n2"": 290.0, ""ATR_short1"": 30.0, ""ATR_long2"": 10.0}"
INJUSDT-15K-OB-DY,15,1.0,0.002,0.0025,INJUSDT,DynamicStrategy,2023-06-19,"{""ATR_short1"": 280.0, ""ATR_long2"": 360.0}"
INJUSDT-15K-OB-VCP,15,1.0,0.002,0.0025,INJUSDT,VCPStrategy,2023-04-11,"{""highest_n1"": 750.0, ""lowest_n2"": 100.0, ""std_n3"": 120.0, ""volume_n3"": 190.0}"
IOSTUSDT-15K-OB,15,1.0,0.002,0.0025,IOSTUSDT,TurtleStrategy,2023-03-15,"{""highest_n1"": 730.0, ""lowest_n2"": 750.0, ""ATR_short1"": 190.0, ""ATR_long2"": 40.0}"
IOSTUSDT-15K-OB-DY,15,1.0,0.002,0.0025,IOSTUSDT,DynamicStrategy,2023-06-02,"{""ATR_short1"": 10.0, ""ATR_long2"": 160.0}"
IOSTUSDT-15K-OB-VCP,15,1.0,0.002,0.0025,IOSTUSDT,VCPStrategy,2023-04-07,"{""highest_n1"": 700.0, ""lowest_n2"": 600.0, ""std_n3"": 90.0, ""volume_n3"": 110.0}"
IOTAUSDT-15K-OB,15,1.0,0.002,0.0025,IOTAUSDT,TurtleStrategy,2023-03-15,"{""highest_n1"": 790.0, ""lowest_n2"": 230.0, ""ATR_short1"": 110.0, ""ATR_long2"": 90.0}"
IOTAUSDT-15K-OB-DY,15,1.0,0.002,0.0025,IOTAUSDT,DynamicStrategy,2023-06-01,"{""ATR_short1"": 840.0, ""ATR_long2"": 920.0}"
IOTAUSDT-15K-OB-VCP,15,1.0,0.002,0.0025,IOTAUSDT,VCPStrategy,2023-04-06,"{""highest_n1"": 700.0, ""lowest_n2"": 250.0, ""std_n3"": 130.0, ""volume_n3"": 190.0}"
IOTXUSDT-15K-OB,15,1.0,0.002,0.0025,IOTXUSDT,TurtleStrategy,2023-03-26,"{""highest_n1"": 750.0, ""lowest_n2"": 90.0, ""ATR_short1"": 120.0, ""ATR_long2"": 10.0}"
IOTXUSDT-15K-OB-DY,15,1.0,0.002,0.0025,IOTXUSDT,DynamicStrategy,2023-06-17,"{""ATR_short1"": 700.0, ""ATR_long2"": 940.0}"
IOTXUSDT-15K-OB-VCP,15,1.0,0.002,0.0025,IOTXUSDT,VCPStrategy,2023-04-10,"{""highest_n1"": 300.0, ""lowest_n2"": 550.0, ""std_n3"": 180.0, ""volume_n3"": 160.0}"
JASMYUSDT-15K-OB,15,1.0,0.002,0.0025,JASMYUSDT,TurtleStrategy,2023-03-28,"{""highest_n1"": 790.0, ""lowest_n2"": 170.0, ""ATR_short1"": 40.0, ""ATR_long2"": 10.0}"
JASMYUSDT-15K-OB-DY,15,1.0,0.002,0.0025,JASMYUSDT,DynamicStrategy,2023-06-19,"{""ATR_short1"": 50.0, ""ATR_long2"": 30.0}"
JASMYUSDT-15K-OB-VCP,15,1.0,0.002,0.0025,JASMYUSDT,VCPStrategy,2023-04-11,"{""highest_n1"": 750.0, ""lowest_n2"": 100.0, ""std_n3"": 120.0, ""volume_n3"": 190.0}"
JOEUSDT-15K-OB-DY,15,1.0,0.002,0.0025,JOEUSDT,DynamicStrategy,2023-06-20,"{""ATR_short1"": 880.0, ""ATR_long2"": 180.0}"
JOEUSDT-15K-OB-VCP,15,1.0,0.002,0.0025,JOEUSDT,VCPStrategy,2023-04-13,"{""highest_n1"": 150.0, ""lowest_n2"": 50.0, ""std_n3"": 190.0, ""volume_n3"": 190.0}"
KAVAUSDT-15K-OB,15,1.0,0.002,0.0025,KAVAUSDT,TurtleStrategy,2023-03-17,"{""highest_n1"": 490.0, ""lowest_n2"": 350.0, ""ATR_short1"": 150.0, ""ATR_long2"": 110.0}"
KAVAUSDT-15K-OB-DY,15,1.0,0.002,0.0025,KAVAUSDT,DynamicStrategy,2023-06-05,"{""ATR_short1"": 110.0, ""ATR_long2"": 260.0}"
KAVAUSDT-15K-OB-VCP,15,1.0,0.002,0.0025,KAVAUSDT,VCPStrategy,2023-04-07,"{""highest_n1"": 750.0, ""lowest_n2"": 350.0, ""std_n3"": 180.0, ""volume_n3"": 170.0}"
KEYUSDT-15K-OB-DY,15,1.0,0.002,0.0025,KEYUSDT,DynamicStrategy,2023-06-20,"{""ATR_short1"": 300.0, ""ATR_long2"": 600.0}"
KLAYUSDT-15K-OB,15,1.0,0.002,0.0025,KLAYUSDT,TurtleStrategy,2023-03-27,"{""highest_n1"": 550.0, ""lowest_n2"": 50.0, ""ATR_short1"": 20.0, ""ATR_long2"": 10.0}"
KLAYUSDT-15K-OB-DY,15,1.0,0.002,0.0025,KLAYUSDT,DynamicStrategy,2023-06-18,"{""ATR_short1"": 300.0, ""ATR_long2"": 600.0}"
KLAYUSDT-15K-OB-VCP,15,1.0,0.002,0.0025,KLAYUSDT,VCPStrategy,2023-04-11,"{""highest_n1"": 650.0, ""lowest_n2"": 250.0, ""std_n3"": 160.0, ""volume_n3"": 190.0}"
KNCUSDT-15K-OB,15,1.0,0.002,0.0025,KNCUSDT,TurtleStrategy,2023-03-16,"{""highest_n1"": 630.0, ""lowest_n2"": 410.0, ""ATR_short1"": 180.0, ""ATR_long2"": 50.0}"
KNCUSDT-15K-OB-DY,15,1.0,0.002,0.0025,KNCUSDT,DynamicStrategy,2023-06-04,"{""ATR_short1"": 450.0, ""ATR_long2"": 300.0}"
KNCUSDT-15K-OB-VCP,15,1.0,0.002,0.0025,KNCUSDT,VCPStrategy,2023-04-07,"{""highest_n1"": 350.0, ""lowest_n2"": 700.0, ""std_n3"": 150.0, ""volume_n3"": 190.0}"
KSMUSDT-15K-OB,15,1.0,0.002,0.0025,KSMUSDT,TurtleStrategy,2023-03-22,"{""highest_n1"": 350.0, ""lowest_n2"": 390.0, ""ATR_short1"": 80.0, ""ATR_long2"": 70.0}"
KSMUSDT-15K-OB-DY,15,1.0,0.002,0.0025,KSMUSDT,DynamicStrategy,2023-06-10,"{""ATR_short1"": 30.0, ""ATR_long2"": 70.0}"
KSMUSDT-15K-OB-VCP,15,1.0,0.002,0.0025,KSMUSDT,VCPStrategy,2023-04-08,"{""highest_n1"": 400.0, ""lowest_n2"": 400.0, ""std_n3"": 120.0, ""volume_n3"": 80.0}"
LDOUSDT-15K-OB,15,1.0,0.002,0.0025,LDOUSDT,TurtleStrategy,2023-03-28,"{""highest_n1"": 730.0, ""lowest_n2"": 670.0, ""ATR_short1"": 130.0, ""ATR_long2"": 180.0}"
LDOUSDT-15K-OB-DY,15,1.0,0.002,0.0025,LDOUSDT,DynamicStrategy,2023-06-19,"{""ATR_short1"": 880.0, ""ATR_long2"": 900.0}"
LDOUSDT-15K-OB-VCP,15,1.0,0.002,0.0025,LDOUSDT,VCPStrategy,2023-04-11,"{""highest_n1"": 750.0, ""lowest_n2"": 700.0, ""std_n3"": 170.0, ""volume_n3"": 190.0}"
LEVERUSDT-15K-OB-DY,15,1.0,0.002,0.0025,LEVERUSDT,DynamicStrategy,2023-06-20,"{""ATR_short1"": 90.0, ""ATR_long2"": 770.0}"
LEVERUSDT-15K-OB-VCP,15,1.0,0.002,0.0025,LEVERUSDT,VCPStrategy,2023-04-13,"{""highest_n1"": 100.0, ""lowest_n2"": 100.0, ""std_n3"": 190.0, ""volume_n3"": 50.0}"
LINAUSDT-15K-OB,15,1.0,0.002,0.0025,LINAUSDT,TurtleStrategy,2023-03-26,"{""highest_n1"": 430.0, ""lowest_n2"": 310.0, ""ATR_short1"": 170.0, ""ATR_long2"": 110.0}"
LINAUSDT-15K-OB-DY,15,1.0,0.002,0.0025,LINAUSDT,DynamicStrategy,2023-06-14,"{""ATR_short1"": 950.0, ""ATR_long2"": 10.0}"
LINAUSDT-15K-OB-VCP,15,1.0,0.002,0.0025,LINAUSDT,VCPStrategy,2023-04-10,"{""highest_n1"": 750.0, ""lowest_n2"": 300.0, ""std_n3"": 80.0, ""volume_n3"": 140.0}"
LINKUSDT-15K-OB,15,1.0,0.002,0.0025,LINKUSDT,TurtleStrategy,2023-03-13,"{""highest_n1"": 210.0, ""lowest_n2"": 590.0, ""ATR_short1"": 110.0, ""ATR_long2"": 50.0}"
LINKUSDT-15K-OB-DY,15,1.0,0.002,0.0025,LINKUSDT,DynamicStrategy,2023-05-30,"{""ATR_short1"": 170.0, ""ATR_long2"": 760.0}"
LINKUSDT-15K-OB-VCP,15,1.0,0.002,0.0025,LINKUSDT,VCPStrategy,2023-04-05,"{""highest_n1"": 450.0, ""lowest_n2"": 700.0, ""std_n3"": 70.0, ""volume_n3"": 160.0}"
LITUSDT-15K-OB,15,1.0,0.002,0.0025,LITUSDT,TurtleStrategy,2023-03-23,"{""highest_n1"": 310.0, ""lowest_n2"": 550.0, ""ATR_short1"": 130.0, ""ATR_long2"": 150.0}"
LITUSDT-15K-OB-DY,15,1.0,0.002,0.0025,LITUSDT,DynamicStrategy,2023-06-12,"{""ATR_short1"": 300.0, ""ATR_long2"": 600.0}"
LITUSDT-15K-OB-VCP,15,1.0,0.002,0.0025,LITUSDT,VCPStrategy,2023-04-09,"{""highest_n1"": 550.0, ""lowest_n2"": 550.0, ""std_n3"": 190.0, ""volume_n3"": 80.0}"
LPTUSDT-15K-OB,15,1.0,0.002,0.0025,LPTUSDT,TurtleStrategy,2023-03-27,"{""highest_n1"": 570.0, ""lowest_n2"": 230.0, ""ATR_short1"": 120.0, ""ATR_long2"": 80.0}"
LPTUSDT-15K-OB-DY,15,1.0,0.002,0.0025,LPTUSDT,DynamicStrategy,2023-06-18,"{""ATR_short1"": 300.0, ""ATR_long2"": 600.0}"
LPTUSDT-15K-OB-VCP,15,1.0,0.002,0.0025,LPTUSDT,VCPStrategy,2023-04-11,"{""highest_n1"": 500.0, ""lowest_n2"": 200.0, ""std_n3"": 170.0, ""volume_n3"": 140.0}"
LQTYUSDT-15K-OB-DY,15,1.0,0.002,0.0025,LQTYUSDT,DynamicStrategy,2023-06-20,"{""ATR_short1"": 40.0, ""ATR_long2"": 30.0}"
LQTYUSDT-15K-OB-VCP,15,1.0,0.002,0.0025,LQTYUSDT,VCPStrategy,2023-04-13,"{""highest_n1"": 150.0, ""lowest_n2"": 50.0, ""std_n3"": 120.0, ""volume_n3"": 180.0}"
LRCUSDT-15K-OB,15,1.0,0.002,0.0025,LRCUSDT,TurtleStrategy,2023-03-22,"{""highest_n1"": 450.0, ""lowest_n2"": 310.0, ""ATR_short1"": 130.0, ""ATR_long2"": 40.0}"
LRCUSDT-15K-OB-DY,15,1.0,0.002,0.0025,LRCUSDT,DynamicStrategy,2023-06-10,"{""ATR_short1"": 50.0, ""ATR_long2"": 220.0}"
LRCUSDT-15K-OB-VCP,15,1.0,0.002,0.0025,LRCUSDT,VCPStrategy,2023-04-08,"{""highest_n1"": 600.0, ""lowest_n2"": 50.0, ""std_n3"": 140.0, ""volume_n3"": 180.0}"
LTCUSDT-15K-OB,15,1.0,0.002,0.0025,LTCUSDT,TurtleStrategy,2023-03-12,"{""highest_n1"": 790.0, ""lowest_n2"": 310.0, ""ATR_short1"": 180.0, ""ATR_long2"": 170.0}"
LTCUSDT-15K-OB-DY,15,1.0,0.002,0.0025,LTCUSDT,DynamicStrategy,2023-05-29,"{""ATR_short1"": 160.0, ""ATR_long2"": 960.0}"
LTCUSDT-15K-OB-VCP,15,1.0,0.002,0.0025,LTCUSDT,VCPStrategy,2023-04-05,"{""highest_n1"": 750.0, ""lowest_n2"": 500.0, ""std_n3"": 100.0, ""volume_n3"": 80.0}"
MAGICUSDT-15K-OB,15,1.0,0.002,0.0025,MAGICUSDT,TurtleStrategy,2023-03-28,"{""highest_n1"": 230.0, ""lowest_n2"": 630.0, ""ATR_short1"": 100.0, ""ATR_long2"": 80.0}"
MAGICUSDT-15K-OB-DY,15,1.0,0.002,0.0025,MAGICUSDT,DynamicStrategy,2023-06-19,"{""ATR_short1"": 160.0, ""ATR_long2"": 210.0}"
MAGICUSDT-15K-OB-VCP,15,1.0,0.002,0.0025,MAGICUSDT,VCPStrategy,2023-04-11,"{""highest_n1"": 500.0, ""lowest_n2"": 150.0, ""std_n3"": 70.0, ""volume_n3"": 190.0}"
MANAUSDT-15K-OB,15,1.0,0.002,0.0025,MANAUSDT,TurtleStrategy,2023-03-25,"{""highest_n1"": 750.0, ""lowest_n2"": 430.0, ""ATR_short1"": 160.0, ""ATR_long2"": 130.0}"
MANAUSDT-15K-OB-DY,15,1.0,0.002,0.0025,MANAUSDT,DynamicStrategy,2023-06-13,"{""ATR_short1"": 200.0, ""ATR_long2"": 340.0}"
MANAUSDT-15K-OB-VCP,15,1.0,0.002,0.0025,MANAUSDT,VCPStrategy,2023-04-10,"{""highest_n1"": 750.0, ""lowest_n2"": 50.0, ""std_n3"": 150.0, ""volume_n3"": 190.0}"
MASKUSDT-15K-OB,15,1.0,0.002,0.0025,MASKUSDT,TurtleStrategy,2023-03-27,"{""highest_n1"": 770.0, ""lowest_n2"": 130.0, ""ATR_short1"": 90.0, ""ATR_long2"": 20.0}"
MASKUSDT-15K-OB-DY,15,1.0,0.002,0.0025,MASKUSDT,DynamicStrategy,2023-06-17,"{""ATR_short1"": 190.0, ""ATR_long2"": 40.0}"
MASKUSDT-15K-OB-VCP,15,1.0,0.002,0.0025,MASKUSDT,VCPStrategy,2023-04-10,"{""highest_n1"": 500.0, ""lowest_n2"": 250.0, ""std_n3"": 90.0, ""volume_n3"": 150.0}"
MATICUSDT-15K-OB,15,1.0,0.002,0.0025,MATICUSDT,TurtleStrategy,2023-03-22,"{""highest_n1"": 230.0, ""lowest_n2"": 350.0, ""ATR_short1"": 90.0, ""ATR_long2"": 160.0}"
MATICUSDT-15K-OB-DY,15,1.0,0.002,0.0025,MATICUSDT,DynamicStrategy,2023-06-11,"{""ATR_short1"": 10.0, ""ATR_long2"": 580.0}"
MATICUSDT-15K-OB-VCP,15,1.0,0.002,0.0025,MATICUSDT,VCPStrategy,2023-04-08,"{""highest_n1"": 150.0, ""lowest_n2"": 300.0, ""std_n3"": 80.0, ""volume_n3"": 50.0}"
MINAUSDT-15K-OB,15,1.0,0.002,0.0025,MINAUSDT,TurtleStrategy,2023-03-28,"{""highest_n1"": 130.0, ""lowest_n2"": 50.0, ""ATR_short1"": 20.0, ""ATR_long2"": 10.0}"
MINAUSDT-15K-OB-DY,15,1.0,0.002,0.0025,MINAUSDT,DynamicStrategy,2023-06-19,"{""ATR_short1"": 280.0, ""ATR_long2"": 620.0}"
MINAUSDT-15K-OB-VCP,15,1.0,0.002,0.0025,MINAUSDT,VCPStrategy,2023-04-11,"{""highest_n1"": 50.0, ""lowest_n2"": 50.0, ""std_n3"": 60.0, ""volume_n3"": 120.0}"
MKRUSDT-15K-OB,15,1.0,0.002,0.0025,MKRUSDT,TurtleStrategy,2023-03-18,"{""highest_n1"": 790.0, ""lowest_n2"": 470.0, ""ATR_short1"": 80.0, ""ATR_long2"": 40.0}"
MKRUSDT-15K-OB-DY,15,1.0,0.002,0.0025,MKRUSDT,DynamicStrategy,2023-06-06,"{""ATR_short1"": 200.0, ""ATR_long2"": 660.0}"
MKRUSDT-15K-OB-VCP,15,1.0,0.002,0.0025,MKRUSDT,VCPStrategy,2023-04-07,"{""highest_n1"": 600.0, ""lowest_n2"": 350.0, ""std_n3"": 120.0, ""volume_n3"": 50.0}"
MTLUSDT-15K-OB,15,1.0,0.002,0.0025,MTLUSDT,TurtleStrategy,2023-03-26,"{""highest_n1"": 690.0, ""lowest_n2"": 250.0, ""ATR_short1"": 140.0, ""ATR_long2"": 10.0}"
MTLUSDT-15K-OB-DY,15,1.0,0.002,0.0025,MTLUSDT,DynamicStrategy,2023-06-16,"{""ATR_short1"": 300.0, ""ATR_long2"": 600.0}"
MTLUSDT-15K-OB-VCP,15,1.0,0.002,0.0025,MTLUSDT,VCPStrategy,2023-04-10,"{""highest_n1"": 450.0, ""lowest_n2"": 250.0, ""std_n3"": 100.0, ""volume_n3"": 50.0}"
NEARUSDT-15K-OB,15,1.0,0.002,0.0025,NEARUSDT,TurtleStrategy,2023-03-22,"{""highest_n1"": 610.0, ""lowest_n2"": 550.0, ""ATR_short1"": 20.0, ""ATR_long2"": 10.0}"
NEARUSDT-15K-OB-DY,15,1.0,0.002,0.0025,NEARUSDT,DynamicStrategy,2023-06-10,"{""ATR_short1"": 380.0, ""ATR_long2"": 10.0}"
NEARUSDT-15K-OB-VCP,15,1.0,0.002,0.0025,NEARUSDT,VCPStrategy,2023-04-08,"{""highest_n1"": 150.0, ""lowest_n2"": 700.0, ""std_n3"": 170.0, ""volume_n3"": 50.0}"
NEOUSDT-15K-OB,15,1.0,0.002,0.0025,NEOUSDT,TurtleStrategy,2023-03-15,"{""highest_n1"": 590.0, ""lowest_n2"": 490.0, ""ATR_short1"": 180.0, ""ATR_long2"": 40.0}"
NEOUSDT-15K-OB-DY,15,1.0,0.002,0.0025,NEOUSDT,DynamicStrategy,2023-06-02,"{""ATR_short1"": 40.0, ""ATR_long2"": 490.0}"
NEOUSDT-15K-OB-VCP,15,1.0,0.002,0.0025,NEOUSDT,VCPStrategy,2023-04-06,"{""highest_n1"": 600.0, ""lowest_n2"": 400.0, ""std_n3"": 140.0, ""volume_n3"": 170.0}"
NKNUSDT-15K-OB,15,1.0,0.002,0.0025,NKNUSDT,TurtleStrategy,2023-03-26,"{""highest_n1"": 590.0, ""lowest_n2"": 790.0, ""ATR_short1"": 40.0, ""ATR_long2"": 10.0}"
NKNUSDT-15K-OB-DY,15,1.0,0.002,0.0025,NKNUSDT,DynamicStrategy,2023-06-16,"{""ATR_short1"": 300.0, ""ATR_long2"": 600.0}"
NKNUSDT-15K-OB-VCP,15,1.0,0.002,0.0025,NKNUSDT,VCPStrategy,2023-04-10,"{""highest_n1"": 750.0, ""lowest_n2"": 750.0, ""std_n3"": 100.0, ""volume_n3"": 100.0}"
OCEANUSDT-15K-OB,15,1.0,0.002,0.0025,OCEANUSDT,TurtleStrategy,2023-03-22,"{""highest_n1"": 790.0, ""lowest_n2"": 610.0, ""ATR_short1"": 20.0, ""ATR_long2"": 10.0}"
OCEANUSDT-15K-OB-DY,15,1.0,0.002,0.0025,OCEANUSDT,DynamicStrategy,2023-06-11,"{""ATR_short1"": 340.0, ""ATR_long2"": 10.0}"
OCEANUSDT-15K-OB-VCP,15,1.0,0.002,0.0025,OCEANUSDT,VCPStrategy,2023-04-09,"{""highest_n1"": 400.0, ""lowest_n2"": 650.0, ""std_n3"": 50.0, ""volume_n3"": 190.0}"
OGNUSDT-15K-OB,15,1.0,0.002,0.0025,OGNUSDT,TurtleStrategy,2023-03-26,"{""highest_n1"": 750.0, ""lowest_n2"": 670.0, ""ATR_short1"": 60.0, ""ATR_long2"": 10.0}"
OGNUSDT-15K-OB-DY,15,1.0,0.002,0.0025,OGNUSDT,DynamicStrategy,2023-06-16,"{""ATR_short1"": 300.0, ""ATR_long2"": 600.0}"
OGNUSDT-15K-OB-VCP,15,1.0,0.002,0.0025,OGNUSDT,VCPStrategy,2023-04-10,"{""highest_n1"": 200.0, ""lowest_n2"": 100.0, ""std_n3"": 100.0, ""volume_n3"": 60.0}"
OMGUSDT-15K-OB,15,1.0,0.002,0.0025,OMGUSDT,TurtleStrategy,2023-03-16,"{""highest_n1"": 610.0, ""lowest_n2"": 350.0, ""ATR_short1"": 160.0, ""ATR_long2"": 140.0}"
OMGUSDT-15K-OB-DY,15,1.0,0.002,0.0025,OMGUSDT,DynamicStrategy,2023-06-05,"{""ATR_short1"": 30.0, ""ATR_long2"": 990.0}"
OMGUSDT-15K-OB-VCP,15,1.0,0.002,0.0025,OMGUSDT,VCPStrategy,2023-04-07,"{""highest_n1"": 750.0, ""lowest_n2"": 100.0, ""std_n3"": 60.0, ""volume_n3"": 60.0}"
ONEUSDT-15K-OB,15,1.0,0.002,0.0025,ONEUSDT,TurtleStrategy,2023-03-25,"{""highest_n1"": 670.0, ""lowest_n2"": 530.0, ""ATR_short1"": 190.0, ""ATR_long2"": 20.0}"
ONEUSDT-15K-OB-DY,15,1.0,0.002,0.0025,ONEUSDT,DynamicStrategy,2023-06-14,"{""ATR_short1"": 20.0, ""ATR_long2"": 150.0}"
ONEUSDT-15K-OB-VCP,15,1.0,0.002,0.0025,ONEUSDT,VCPStrategy,2023-04-10,"{""highest_n1"": 100.0, ""lowest_n2"": 250.0, ""std_n3"": 80.0, ""volume_n3"": 80.0}"
ONTUSDT-15K-OB,15,1.0,0.002,0.0025,ONTUSDT,TurtleStrategy,2023-03-15,"{""highest_n1"": 630.0, ""lowest_n2"": 410.0, ""ATR_short1"": 170.0, ""ATR_long2"": 30.0}"
ONTUSDT-15K-OB-DY,15,1.0,0.002,0.0025,ONTUSDT,DynamicStrategy,2023-06-01,"{""ATR_short1"": 370.0, ""ATR_long2"": 850.0}"
ONTUSDT-15K-OB-VCP,15,1.0,0.002,0.0025,ONTUSDT,VCPStrategy,2023-04-06,"{""highest_n1"": 150.0, ""lowest_n2"": 700.0, ""std_n3"": 80.0, ""volume_n3"": 90.0}"
OPUSDT-15K-OB,15,1.0,0.002,0.0025,OPUSDT,TurtleStrategy,2023-03-28,"{""highest_n1"": 530.0, ""lowest_n2"": 750.0, ""ATR_short1"": 190.0, ""ATR_long2"": 110.0}"
OPUSDT-15K-OB-DY,15,1.0,0.002,0.0025,OPUSDT,DynamicStrategy,2023-06-19,"{""ATR_short1"": 720.0, ""ATR_long2"": 960.0}"
OPUSDT-15K-OB-VCP,15,1.0,0.002,0.0025,OPUSDT,VCPStrategy,2023-04-11,"{""highest_n1"": 200.0, ""lowest_n2"": 750.0, ""std_n3"": 120.0, ""volume_n3"": 70.0}"
PEOPLEUSDT-15K-OB,15,1.0,0.002,0.0025,PEOPLEUSDT,TurtleStrategy,2023-03-27,"{""highest_n1"": 590.0, ""lowest_n2"": 50.0, ""ATR_short1"": 120.0, ""ATR_long2"": 10.0}"
PEOPLEUSDT-15K-OB-DY,15,1.0,0.002,0.0025,PEOPLEUSDT,DynamicStrategy,2023-06-18,"{""ATR_short1"": 60.0, ""ATR_long2"": 290.0}"
PEOPLEUSDT-15K-OB-VCP,15,1.0,0.002,0.0025,PEOPLEUSDT,VCPStrategy,2023-04-11,"{""highest_n1"": 400.0, ""lowest_n2"": 350.0, ""std_n3"": 120.0, ""volume_n3"": 190.0}"
PERPUSDT-15K-OB-DY,15,1.0,0.002,0.0025,PERPUSDT,DynamicStrategy,2023-06-20,"{""ATR_short1"": 70.0, ""ATR_long2"": 590.0}"
PERPUSDT-15K-OB-VCP,15,1.0,0.002,0.0025,PERPUSDT,VCPStrategy,2023-04-12,"{""highest_n1"": 300.0, ""lowest_n2"": 600.0, ""std_n3"": 50.0, ""volume_n3"": 150.0}"
PHBUSDT-15K-OB,15,1.0,0.002,0.0025,PHBUSDT,TurtleStrategy,2023-03-28,"{""highest_n1"": 110.0, ""lowest_n2"": 90.0, ""ATR_short1"": 90.0, ""ATR_long2"": 100.0}"
PHBUSDT-15K-OB-DY,15,1.0,0.002,0.0025,PHBUSDT,DynamicStrategy,2023-06-19,"{""ATR_short1"": 20.0, ""ATR_long2"": 950.0}"
PHBUSDT-15K-OB-VCP,15,1.0,0.002,0.0025,PHBUSDT,VCPStrategy,2023-04-11,"{""highest_n1"": 100.0, ""lowest_n2"": 250.0, ""std_n3"": 80.0, ""volume_n3"": 110.0}"
QNTUSDT-15K-OB,15,1.0,0.002,0.0025,QNTUSDT,TurtleStrategy,2023-03-28,"{""highest_n1"": 670.0, ""lowest_n2"": 610.0, ""ATR_short1"": 170.0, ""ATR_long2"": 150.0}"
QNTUSDT-15K-OB-DY,15,1.0,0.002,0.0025,QNTUSDT,DynamicStrategy,2023-06-19,"{""ATR_short1"": 530.0, ""ATR_long2"": 850.0}"
QNTUSDT-15K-OB-VCP,15,1.0,0.002,0.0025,QNTUSDT,VCPStrategy,2023-04-11,"{""highest_n1"": 400.0, ""lowest_n2"": 250.0, ""std_n3"": 70.0, ""volume_n3"": 60.0}"
QTUMUSDT-15K-OB,15,1.0,0.002,0.0025,QTUMUSDT,TurtleStrategy,2023-03-15,"{""highest_n1"": 610.0, ""lowest_n2"": 670.0, ""ATR_short1"": 180.0, ""ATR_long2"": 110.0}"
QTUMUSDT-15K-OB-DY,15,1.0,0.002,0.0025,QTUMUSDT,DynamicStrategy,2023-06-02,"{""ATR_short1"": 330.0, ""ATR_long2"": 480.0}"
QTUMUSDT-15K-OB-VCP,15,1.0,0.002,0.0025,QTUMUSDT,VCPStrategy,2023-04-06,"{""highest_n1"": 750.0, ""lowest_n2"": 50.0, ""std_n3"": 100.0, ""volume_n3"": 90.0}"
RADUSDT-15K-OB-DY,15,1.0,0.002,0.0025,RADUSDT,DynamicStrategy,2023-06-20,"{""ATR_short1"": 760.0, ""ATR_long2"": 750.0}"
RAYUSDT-15K-OB,15,1.0,0.002,0.0025,RAYUSDT,TurtleStrategy,2023-03-27,"{""highest_n1"": 590.0, ""lowest_n2"": 230.0, ""ATR_short1"": 30.0, ""ATR_long2"": 20.0}"
RAYUSDT-15K-OB-VCP,15,1.0,0.002,0.0025,RAYUSDT,VCPStrategy,2023-04-10,"{""highest_n1"": 350.0, ""lowest_n2"": 250.0, ""std_n3"": 50.0, ""volume_n3"": 190.0}"
RDNTUSDT-15K-OB-DY,15,1.0,0.002,0.0025,RDNTUSDT,DynamicStrategy,2023-06-20,"{""ATR_short1"": 860.0, ""ATR_long2"": 880.0}"
RDNTUSDT-15K-OB-VCP,15,1.0,0.002,0.0025,RDNTUSDT,VCPStrategy,2023-04-13,"{""highest_n1"": 300.0, ""lowest_n2"": 600.0, ""std_n3"": 50.0, ""volume_n3"": 150.0}"
REEFUSDT-15K-OB,15,1.0,0.002,0.0025,REEFUSDT,TurtleStrategy,2023-03-23,"{""highest_n1"": 470.0, ""lowest_n2"": 210.0, ""ATR_short1"": 170.0, ""ATR_long2"": 20.0}"
REEFUSDT-15K-OB-DY,15,1.0,0.002,0.0025,REEFUSDT,DynamicStrategy,2023-06-12,"{""ATR_short1"": 300.0, ""ATR_long2"": 600.0}"
REEFUSDT-15K-OB-VCP,15,1.0,0.002,0.0025,REEFUSDT,VCPStrategy,2023-04-09,"{""highest_n1"": 350.0, ""lowest_n2"": 150.0, ""std_n3"": 180.0, ""volume_n3"": 190.0}"
RENUSDT-15K-OB,15,1.0,0.002,0.0025,RENUSDT,TurtleStrategy,2023-03-22,"{""highest_n1"": 270.0, ""lowest_n2"": 50.0, ""ATR_short1"": 180.0, ""ATR_long2"": 90.0}"
RENUSDT-15K-OB-DY,15,1.0,0.002,0.0025,RENUSDT,DynamicStrategy,2023-06-10,"{""ATR_short1"": 710.0, ""ATR_long2"": 980.0}"
RENUSDT-15K-OB-VCP,15,1.0,0.002,0.0025,RENUSDT,VCPStrategy,2023-04-08,"{""highest_n1"": 150.0, ""lowest_n2"": 50.0, ""std_n3"": 70.0, ""volume_n3"": 180.0}"
RLCUSDT-15K-OB,15,1.0,0.002,0.0025,RLCUSDT,TurtleStrategy,2023-03-17,"{""highest_n1"": 610.0, ""lowest_n2"": 550.0, ""ATR_short1"": 150.0, ""ATR_long2"": 20.0}"
RLCUSDT-15K-OB-DY,15,1.0,0.002,0.0025,RLCUSDT,DynamicStrategy,2023-06-06,"{""ATR_short1"": 270.0, ""ATR_long2"": 680.0}"
RLCUSDT-15K-OB-VCP,15,1.0,0.002,0.0025,RLCUSDT,VCPStrategy,2023-04-07,"{""highest_n1"": 550.0, ""lowest_n2"": 650.0, ""std_n3"": 90.0, ""volume_n3"": 150.0}"
RNDRUSDT-15K-OB,15,1.0,0.002,0.0025,RNDRUSDT,TurtleStrategy,2023-03-28,"{""highest_n1"": 130.0, ""lowest_n2"": 50.0, ""ATR_short1"": 180.0, ""ATR_long2"": 10.0}"
RNDRUSDT-15K-OB-DY,15,1.0,0.002,0.0025,RNDRUSDT,DynamicStrategy,2023-06-19,"{""ATR_short1"": 230.0, ""ATR_long2"": 660.0}"
RNDRUSDT-15K-OB-VCP,15,1.0,0.002,0.0025,RNDRUSDT,VCPStrategy,2023-04-11,"{""highest_n1"": 150.0, ""lowest_n2"": 50.0, ""std_n3"": 70.0, ""volume_n3"": 170.0}"
ROSEUSDT-15K-OB,15,1.0,0.002,0.0025,ROSEUSDT,TurtleStrategy,2023-03-27,"{""highest_n1"": 750.0, ""lowest_n2"": 350.0, ""ATR_short1"": 170.0, ""ATR_long2"": 120.0}"
ROSEUSDT-15K-OB-DY,15,1.0,0.002,0.0025,ROSEUSDT,DynamicStrategy,2023-06-18,"{""ATR_short1"": 410.0, ""ATR_long2"": 790.0}"
ROSEUSDT-15K-OB-VCP,15,1.0,0.002,0.0025,ROSEUSDT,VCPStrategy,2023-04-11,"{""highest_n1"": 550.0, ""lowest_n2"": 650.0, ""std_n3"": 70.0, ""volume_n3"": 130.0}"
RSRUSDT-15K-OB,15,1.0,0.002,0.0025,RSRUSDT,TurtleStrategy,2023-03-22,"{""highest_n1"": 790.0, ""lowest_n2"": 670.0, ""ATR_short1"": 140.0, ""ATR_long2"": 100.0}"
RSRUSDT-15K-OB-DY,15,1.0,0.002,0.0025,RSRUSDT,DynamicStrategy,2023-06-10,"{""ATR_short1"": 760.0, ""ATR_long2"": 10.0}"
RSRUSDT-15K-OB-VCP,15,1.0,0.002,0.0025,RSRUSDT,VCPStrategy,2023-04-08,"{""highest_n1"": 200.0, ""lowest_n2"": 450.0, ""std_n3"": 60.0, ""volume_n3"": 50.0}"
RUNEUSDT-15K-OB,15,1.0,0.002,0.0025,RUNEUSDT,TurtleStrategy,2023-03-19,"{""highest_n1"": 710.0, ""lowest_n2"": 350.0, ""ATR_short1"": 160.0, ""ATR_long2"": 10.0}"
RUNEUSDT-15K-OB-DY,15,1.0,0.002,0.0025,RUNEUSDT,DynamicStrategy,2023-06-07,"{""ATR_short1"": 930.0, ""ATR_long2"": 120.0}"
RUNEUSDT-15K-OB-VCP,15,1.0,0.002,0.0025,RUNEUSDT,VCPStrategy,2023-04-08,"{""highest_n1"": 700.0, ""lowest_n2"": 750.0, ""std_n3"": 80.0, ""volume_n3"": 160.0}"
RVNUSDT-15K-OB,15,1.0,0.002,0.0025,RVNUSDT,TurtleStrategy,2023-03-23,"{""highest_n1"": 770.0, ""lowest_n2"": 290.0, ""ATR_short1"": 90.0, ""ATR_long2"": 10.0}"
RVNUSDT-15K-OB-DY,15,1.0,0.002,0.0025,RVNUSDT,DynamicStrategy,2023-06-13,"{""ATR_short1"": 180.0, ""ATR_long2"": 120.0}"
RVNUSDT-15K-OB-VCP,15,1.0,0.002,0.0025,RVNUSDT,VCPStrategy,2023-04-09,"{""highest_n1"": 600.0, ""lowest_n2"": 300.0, ""std_n3"": 110.0, ""volume_n3"": 130.0}"
SANDUSDT-15K-OB,15,1.0,0.002,0.0025,SANDUSDT,TurtleStrategy,2023-03-23,"{""highest_n1"": 630.0, ""lowest_n2"": 130.0, ""ATR_short1"": 170.0, ""ATR_long2"": 160.0}"
SANDUSDT-15K-OB-DY,15,1.0,0.002,0.0025,SANDUSDT,DynamicStrategy,2023-06-12,"{""ATR_short1"": 310.0, ""ATR_long2"": 350.0}"
SANDUSDT-15K-OB-VCP,15,1.0,0.002,0.0025,SANDUSDT,VCPStrategy,2023-04-09,"{""highest_n1"": 650.0, ""lowest_n2"": 700.0, ""std_n3"": 60.0, ""volume_n3"": 90.0}"
SCUSDT-15K-OB,15,1.0,0.002,0.0025,SCUSDT,TurtleStrategy,2023-03-26,"{""highest_n1"": 710.0, ""lowest_n2"": 350.0, ""ATR_short1"": 190.0, ""ATR_long2"": 30.0}"
SCUSDT-15K-OB-VCP,15,1.0,0.002,0.0025,SCUSDT,VCPStrategy,2023-04-10,"{""highest_n1"": 750.0, ""lowest_n2"": 550.0, ""std_n3"": 190.0, ""volume_n3"": 190.0}"
SFPUSDT-15K-OB,15,1.0,0.002,0.0025,SFPUSDT,TurtleStrategy,2023-03-23,"{""highest_n1"": 330.0, ""lowest_n2"": 350.0, ""ATR_short1"": 180.0, ""ATR_long2"": 60.0}"
SFPUSDT-15K-OB-DY,15,1.0,0.002,0.0025,SFPUSDT,DynamicStrategy,2023-06-13,"{""ATR_short1"": 130.0, ""ATR_long2"": 10.0}"
SFPUSDT-15K-OB-VCP,15,1.0,0.002,0.0025,SFPUSDT,VCPStrategy,2023-04-09,"{""highest_n1"": 250.0, ""lowest_n2"": 550.0, ""std_n3"": 180.0, ""volume_n3"": 50.0}"
SKLUSDT-15K-OB,15,1.0,0.002,0.0025,SKLUSDT,TurtleStrategy,2023-03-23,"{""highest_n1"": 730.0, ""lowest_n2"": 490.0, ""ATR_short1"": 160.0, ""ATR_long2"": 10.0}"
SKLUSDT-15K-OB-DY,15,1.0,0.002,0.0025,SKLUSDT,DynamicStrategy,2023-06-11,"{""ATR_short1"": 160.0, ""ATR_long2"": 10.0}"
SKLUSDT-15K-OB-VCP,15,1.0,0.002,0.0025,SKLUSDT,VCPStrategy,2023-04-09,"{""highest_n1"": 250.0, ""lowest_n2"": 250.0, ""std_n3"": 90.0, ""volume_n3"": 190.0}"
SNXUSDT-15K-OB,15,1.0,0.002,0.0025,SNXUSDT,TurtleStrategy,2023-03-18,"{""highest_n1"": 350.0, ""lowest_n2"": 390.0, ""ATR_short1"": 140.0, ""ATR_long2"": 10.0}"
SNXUSDT-15K-OB-DY,15,1.0,0.002,0.0025,SNXUSDT,DynamicStrategy,2023-06-06,"{""ATR_short1"": 240.0, ""ATR_long2"": 10.0}"
SNXUSDT-15K-OB-VCP,15,1.0,0.002,0.0025,SNXUSDT,VCPStrategy,2023-04-07,"{""highest_n1"": 150.0, ""lowest_n2"": 500.0, ""std_n3"": 180.0, ""volume_n3"": 90.0}"
SOLUSDT-15K-OB,15,1.0,0.002,0.0025,SOLUSDT,TurtleStrategy,2023-03-21,"{""highest_n1"": 570.0, ""lowest_n2"": 290.0, ""ATR_short1"": 110.0, ""ATR_long2"": 190.0}"
SOLUSDT-15K-OB-DY,15,1.0,0.002,0.0025,SOLUSDT,DynamicStrategy,2023-06-08,"{""ATR_short1"": 10.0, ""ATR_long2"": 950.0}"
SOLUSDT-15K-OB-VCP,15,1.0,0.002,0.0025,SOLUSDT,VCPStrategy,2023-04-08,"{""highest_n1"": 450.0, ""lowest_n2"": 300.0, ""std_n3"": 70.0, ""volume_n3"": 90.0}"
SPELLUSDT-15K-OB,15,1.0,0.002,0.0025,SPELLUSDT,TurtleStrategy,2023-03-28,"{""highest_n1"": 770.0, ""lowest_n2"": 510.0, ""ATR_short1"": 190.0, ""ATR_long2"": 160.0}"
SPELLUSDT-15K-OB-DY,15,1.0,0.002,0.0025,SPELLUSDT,DynamicStrategy,2023-06-19,"{""ATR_short1"": 480.0, ""ATR_long2"": 570.0}"
SPELLUSDT-15K-OB-VCP,15,1.0,0.002,0.0025,SPELLUSDT,VCPStrategy,2023-04-11,"{""highest_n1"": 600.0, ""lowest_n2"": 450.0, ""std_n3"": 180.0, ""volume_n3"": 100.0}"
SRMUSDT-15K-OB,15,1.0,0.002,0.0025,SRMUSDT,TurtleStrategy,2023-03-20,"{""highest_n1"": 750.0, ""lowest_n2"": 630.0, ""ATR_short1"": 170.0, ""ATR_long2"": 10.0}"
SRMUSDT-15K-OB-VCP,15,1.0,0.002,0.0025,SRMUSDT,VCPStrategy,2023-04-08,"{""highest_n1"": 600.0, ""lowest_n2"": 400.0, ""std_n3"": 130.0, ""volume_n3"": 60.0}"
SSVUSDT-15K-OB,15,1.0,0.002,0.0025,SSVUSDT,TurtleStrategy,2023-03-28,"{""highest_n1"": 50.0, ""lowest_n2"": 170.0, ""ATR_short1"": 40.0, ""ATR_long2"": 30.0}"
SSVUSDT-15K-OB-DY,15,1.0,0.002,0.0025,SSVUSDT,DynamicStrategy,2023-06-20,"{""ATR_short1"": 980.0, ""ATR_long2"": 820.0}"
SSVUSDT-15K-OB-VCP,15,1.0,0.002,0.0025,SSVUSDT,VCPStrategy,2023-04-11,"{""highest_n1"": 150.0, ""lowest_n2"": 50.0, ""std_n3"": 70.0, ""volume_n3"": 150.0}"
STGUSDT-15K-OB,15,1.0,0.002,0.0025,STGUSDT,TurtleStrategy,2023-03-28,"{""highest_n1"": 630.0, ""lowest_n2"": 50.0, ""ATR_short1"": 110.0, ""ATR_long2"": 10.0}"
STGUSDT-15K-OB-DY,15,1.0,0.002,0.0025,STGUSDT,DynamicStrategy,2023-06-19,"{""ATR_short1"": 540.0, ""ATR_long2"": 10.0}"
STGUSDT-15K-OB-VCP,15,1.0,0.002,0.0025,STGUSDT,VCPStrategy,2023-04-11,"{""highest_n1"": 300.0, ""lowest_n2"": 500.0, ""std_n3"": 170.0, ""volume_n3"": 190.0}"
STMXUSDT-15K-OB,15,1.0,0.002,0.0025,STMXUSDT,TurtleStrategy,2023-03-26,"{""highest_n1"": 750.0, ""lowest_n2"": 290.0, ""ATR_short1"": 150.0, ""ATR_long2"": 80.0}"
STMXUSDT-15K-OB-DY,15,1.0,0.002,0.0025,STMXUSDT,DynamicStrategy,2023-06-14,"{""ATR_short1"": 300.0, ""ATR_long2"": 600.0}"
STMXUSDT-15K-OB-VCP,15,1.0,0.002,0.0025,STMXUSDT,VCPStrategy,2023-04-10,"{""highest_n1"": 700.0, ""lowest_n2"": 300.0, ""std_n3"": 170.0, ""volume_n3"": 50.0}"
STORJUSDT-15K-OB,15,1.0,0.002,0.0025,STORJUSDT,TurtleStrategy,2023-03-21,"{""highest_n1"": 650.0, ""lowest_n2"": 570.0, ""ATR_short1"": 70.0, ""ATR_long2"": 40.0}"
STORJUSDT-15K-OB-DY,15,1.0,0.002,0.0025,STORJUSDT,DynamicStrategy,2023-06-08,"{""ATR_short1"": 130.0, ""ATR_long2"": 170.0}"
STORJUSDT-15K-OB-VCP,15,1.0,0.002,0.0025,STORJUSDT,VCPStrategy,2023-04-08,"{""highest_n1"": 300.0, ""lowest_n2"": 600.0, ""std_n3"": 190.0, ""volume_n3"": 60.0}"
STXUSDT-15K-OB,15,1.0,0.002,0.0025,STXUSDT,TurtleStrategy,2023-03-28,"{""highest_n1"": 50.0, ""lowest_n2"": 170.0, ""ATR_short1"": 70.0, ""ATR_long2"": 60.0}"
STXUSDT-15K-OB-DY,15,1.0,0.002,0.0025,STXUSDT,DynamicStrategy,2023-06-19,"{""ATR_short1"": 170.0, ""ATR_long2"": 230.0}"
STXUSDT-15K-OB-VCP,15,1.0,0.002,0.0025,STXUSDT,VCPStrategy,2023-04-11,"{""highest_n1"": 100.0, ""lowest_n2"": 50.0, ""std_n3"": 130.0, ""volume_n3"": 190.0}"
SUIUSDT-15K-OB-DY,15,1.0,0.002,0.0025,SUIUSDT,DynamicStrategy,2023-06-20,"{""ATR_short1"": 300.0, ""ATR_long2"": 600.0}"
SUSHIUSDT-15K-OB,15,1.0,0.002,0.0025,SUSHIUSDT,TurtleStrategy,2023-03-19,"{""highest_n1"": 250.0, ""lowest_n2"": 270.0, ""ATR_short1"": 190.0, ""ATR_long2"": 100.0}"
SUSHIUSDT-15K-OB-DY,15,1.0,0.002,0.0025,SUSHIUSDT,DynamicStrategy,2023-06-08,"{""ATR_short1"": 290.0, ""ATR_long2"": 90.0}"
SUSHIUSDT-15K-OB-VCP,15,1.0,0.002,0.0025,SUSHIUSDT,VCPStrategy,2023-04-08,"{""highest_n1"": 550.0, ""lowest_n2"": 450.0, ""std_n3"": 150.0, ""volume_n3"": 180.0}"
SXPUSDT-15K-OB,15,1.0,0.002,0.0025,SXPUSDT,TurtleStrategy,2023-03-16,"{""highest_n1"": 590.0, ""lowest_n2"": 330.0, ""ATR_short1"": 110.0, ""ATR_long2"": 80.0}"
SXPUSDT-15K-OB-DY,15,1.0,0.002,0.0025,SXPUSDT,DynamicStrategy,2023-06-05,"{""ATR_short1"": 900.0, ""ATR_long2"": 10.0}"
SXPUSDT-15K-OB-VCP,15,1.0,0.002,0.0025,SXPUSDT,VCPStrategy,2023-04-07,"{""highest_n1"": 750.0, ""lowest_n2"": 350.0, ""std_n3"": 190.0, ""volume_n3"": 80.0}"
THETAUSDT-15K-OB,15,1.0,0.002,0.0025,THETAUSDT,TurtleStrategy,2023-03-16,"{""highest_n1"": 730.0, ""lowest_n2"": 90.0, ""ATR_short1"": 160.0, ""ATR_long2"": 20.0}"
THETAUSDT-15K-OB-DY,15,1.0,0.002,0.0025,THETAUSDT,DynamicStrategy,2023-06-02,"{""ATR_short1"": 790.0, ""ATR_long2"": 970.0}"
THETAUSDT-15K-OB-VCP,15,1.0,0.002,0.0025,THETAUSDT,VCPStrategy,2023-04-07,"{""highest_n1"": 500.0, ""lowest_n2"": 400.0, ""std_n3"": 170.0, ""volume_n3"": 50.0}"
TLMUSDT-15K-OB,15,1.0,0.002,0.0025,TLMUSDT,TurtleStrategy,2023-03-26,"{""highest_n1"": 650.0, ""lowest_n2"": 270.0, ""ATR_short1"": 80.0, ""ATR_long2"": 50.0}"
TLMUSDT-15K-OB-DY,15,1.0,0.002,0.0025,TLMUSDT,DynamicStrategy,2023-06-20,"{""ATR_short1"": 120.0, ""ATR_long2"": 640.0}"
TLMUSDT-15K-OB-VCP,15,1.0,0.002,0.0025,TLMUSDT,VCPStrategy,2023-04-13,"{""highest_n1"": 400.0, ""lowest_n2"": 250.0, ""std_n3"": 160.0, ""volume_n3"": 50.0}"
TOMOUSDT-15K-OB,15,1.0,0.002,0.0025,TOMOUSDT,TurtleStrategy,2023-03-21,"{""highest_n1"": 210.0, ""lowest_n2"": 750.0, ""ATR_short1"": 40.0, ""ATR_long2"": 20.0}"
TOMOUSDT-15K-OB-DY,15,1.0,0.002,0.0025,TOMOUSDT,DynamicStrategy,2023-06-10,"{""ATR_short1"": 530.0, ""ATR_long2"": 240.0}"
TOMOUSDT-15K-OB-VCP,15,1.0,0.002,0.0025,TOMOUSDT,VCPStrategy,2023-04-08,"{""highest_n1"": 100.0, ""lowest_n2"": 700.0, ""std_n3"": 110.0, ""volume_n3"": 110.0}"
TRBUSDT-15K-OB,15,1.0,0.002,0.0025,TRBUSDT,TurtleStrategy,2023-03-19,"{""highest_n1"": 50.0, ""lowest_n2"": 730.0, ""ATR_short1"": 50.0, ""ATR_long2"": 150.0}"
TRBUSDT-15K-OB-DY,15,1.0,0.002,0.0025,TRBUSDT,DynamicStrategy,2023-06-07,"{""ATR_short1"": 300.0, ""ATR_long2"": 600.0}"
TRBUSDT-15K-OB-VCP,15,1.0,0.002,0.0025,TRBUSDT,VCPStrategy,2023-04-08,"{""highest_n1"": 200.0, ""lowest_n2"": 750.0, ""std_n3"": 150.0, ""volume_n3"": 70.0}"
TRUUSDT-15K-OB-DY,15,1.0,0.002,0.0025,TRUUSDT,DynamicStrategy,2023-06-20,"{""ATR_short1"": 300.0, ""ATR_long2"": 600.0}"
TRUUSDT-15K-OB-VCP,15,1.0,0.002,0.0025,TRUUSDT,VCPStrategy,2023-04-12,"{""highest_n1"": 300.0, ""lowest_n2"": 600.0, ""std_n3"": 50.0, ""volume_n3"": 150.0}"
TRXUSDT-15K-OB,15,1.0,0.002,0.0025,TRXUSDT,TurtleStrategy,2023-03-12,"{""highest_n1"": 510.0, ""lowest_n2"": 350.0, ""ATR_short1"": 90.0, ""ATR_long2"": 30.0}"
TRXUSDT-15K-OB-DY,15,1.0,0.002,0.0025,TRXUSDT,DynamicStrategy,2023-05-29,"{""ATR_short1"": 310.0, ""ATR_long2"": 480.0}"
TRXUSDT-15K-OB-VCP,15,1.0,0.002,0.0025,TRXUSDT,VCPStrategy,2023-04-05,"{""highest_n1"": 450.0, ""lowest_n2"": 350.0, ""std_n3"": 80.0, ""volume_n3"": 100.0}"
TUSDT-15K-OB,15,1.0,0.002,0.0025,TUSDT,TurtleStrategy,2023-03-28,"{""highest_n1"": 310.0, ""lowest_n2"": 70.0, ""ATR_short1"": 190.0, ""ATR_long2"": 110.0}"
TUSDT-15K-OB-DY,15,1.0,0.002,0.0025,TUSDT,DynamicStrategy,2023-06-19,"{""ATR_short1"": 790.0, ""ATR_long2"": 830.0}"
TUSDT-15K-OB-VCP,15,1.0,0.002,0.0025,TUSDT,VCPStrategy,2023-04-11,"{""highest_n1"": 150.0, ""lowest_n2"": 50.0, ""std_n3"": 150.0, ""volume_n3"": 190.0}"
UMAUSDT-15K-OB-DY,15,1.0,0.002,0.0025,UMAUSDT,DynamicStrategy,2023-06-20,"{""ATR_short1"": 300.0, ""ATR_long2"": 600.0}"
UNFIUSDT-15K-OB,15,1.0,0.002,0.0025,UNFIUSDT,TurtleStrategy,2023-03-23,"{""highest_n1"": 510.0, ""lowest_n2"": 290.0, ""ATR_short1"": 170.0, ""ATR_long2"": 80.0}"
UNFIUSDT-15K-OB-DY,15,1.0,0.002,0.0025,UNFIUSDT,DynamicStrategy,2023-06-12,"{""ATR_short1"": 730.0, ""ATR_long2"": 10.0}"
UNFIUSDT-15K-OB-VCP,15,1.0,0.002,0.0025,UNFIUSDT,VCPStrategy,2023-04-09,"{""highest_n1"": 700.0, ""lowest_n2"": 300.0, ""std_n3"": 150.0, ""volume_n3"": 190.0}"
UNIUSDT-15K-OB,15,1.0,0.002,0.0025,UNIUSDT,TurtleStrategy,2023-03-21,"{""highest_n1"": 90.0, ""lowest_n2"": 650.0, ""ATR_short1"": 90.0, ""ATR_long2"": 170.0}"
UNIUSDT-15K-OB-DY,15,1.0,0.002,0.0025,UNIUSDT,DynamicStrategy,2023-06-09,"{""ATR_short1"": 480.0, ""ATR_long2"": 950.0}"
UNIUSDT-15K-OB-VCP,15,1.0,0.002,0.0025,UNIUSDT,VCPStrategy,2023-04-08,"{""highest_n1"": 400.0, ""lowest_n2"": 200.0, ""std_n3"": 170.0, ""volume_n3"": 180.0}"
USDCUSDT-15K-OB-DY,15,1.0,0.002,0.0025,USDCUSDT,DynamicStrategy,2023-06-20,"{""ATR_short1"": 300.0, ""ATR_long2"": 600.0}"
USDCUSDT-15K-OB-VCP,15,1.0,0.002,0.0025,USDCUSDT,VCPStrategy,2023-04-13,"{""highest_n1"": 300.0, ""lowest_n2"": 600.0, ""std_n3"": 50.0, ""volume_n3"": 150.0}"
VETUSDT-15K-OB,15,1.0,0.002,0.0025,VETUSDT,TurtleStrategy,2023-03-15,"{""highest_n1"": 590.0, ""lowest_n2"": 430.0, ""ATR_short1"": 130.0, ""ATR_long2"": 110.0}"
VETUSDT-15K-OB-DY,15,1.0,0.002,0.0025,VETUSDT,DynamicStrategy,2023-06-01,"{""ATR_short1"": 180.0, ""ATR_long2"": 590.0}"
VETUSDT-15K-OB-VCP,15,1.0,0.002,0.0025,VETUSDT,VCPStrategy,2023-04-06,"{""highest_n1"": 600.0, ""lowest_n2"": 450.0, ""std_n3"": 170.0, ""volume_n3"": 80.0}"
WAVESUSDT-15K-OB,15,1.0,0.002,0.0025,WAVESUSDT,TurtleStrategy,2023-03-17,"{""highest_n1"": 790.0, ""lowest_n2"": 490.0, ""ATR_short1"": 20.0, ""ATR_long2"": 10.0}"
WAVESUSDT-15K-OB-DY,15,1.0,0.002,0.0025,WAVESUSDT,DynamicStrategy,2023-06-06,"{""ATR_short1"": 730.0, ""ATR_long2"": 10.0}"
WAVESUSDT-15K-OB-VCP,15,1.0,0.002,0.0025,WAVESUSDT,VCPStrategy,2023-04-07,"{""highest_n1"": 300.0, ""lowest_n2"": 450.0, ""std_n3"": 130.0, ""volume_n3"": 60.0}"
WOOUSDT-15K-OB,15,1.0,0.002,0.0025,WOOUSDT,TurtleStrategy,2023-03-28,"{""highest_n1"": 490.0, ""lowest_n2"": 210.0, ""ATR_short1"": 180.0, ""ATR_long2"": 10.0}"
WOOUSDT-15K-OB-DY,15,1.0,0.002,0.0025,WOOUSDT,DynamicStrategy,2023-06-19,"{""ATR_short1"": 410.0, ""ATR_long2"": 170.0}"
WOOUSDT-15K-OB-VCP,15,1.0,0.002,0.0025,WOOUSDT,VCPStrategy,2023-04-11,"{""highest_n1"": 200.0, ""lowest_n2"": 200.0, ""std_n3"": 190.0, ""volume_n3"": 50.0}"
XEMUSDT-15K-OB,15,1.0,0.002,0.0025,XEMUSDT,TurtleStrategy,2023-03-23,"{""highest_n1"": 790.0, ""lowest_n2"": 70.0, ""ATR_short1"": 110.0, ""ATR_long2"": 90.0}"
XEMUSDT-15K-OB-DY,15,1.0,0.002,0.0025,XEMUSDT,DynamicStrategy,2023-06-13,"{""ATR_short1"": 300.0, ""ATR_long2"": 600.0}"
XEMUSDT-15K-OB-VCP,15,1.0,0.002,0.0025,XEMUSDT,VCPStrategy,2023-04-09,"{""highest_n1"": 250.0, ""lowest_n2"": 600.0, ""std_n3"": 60.0, ""volume_n3"": 80.0}"
XLMUSDT-15K-OB,15,1.0,0.002,0.0025,XLMUSDT,TurtleStrategy,2023-03-13,"{""highest_n1"": 670.0, ""lowest_n2"": 230.0, ""ATR_short1"": 140.0, ""ATR_long2"": 20.0}"
XLMUSDT-15K-OB-DY,15,1.0,0.002,0.0025,XLMUSDT,DynamicStrategy,2023-05-30,"{""ATR_short1"": 540.0, ""ATR_long2"": 700.0}"
XLMUSDT-15K-OB-VCP,15,1.0,0.002,0.0025,XLMUSDT,VCPStrategy,2023-04-05,"{""highest_n1"": 650.0, ""lowest_n2"": 300.0, ""std_n3"": 110.0, ""volume_n3"": 80.0}"
XMRUSDT-15K-OB,15,1.0,0.002,0.0025,XMRUSDT,TurtleStrategy,2023-03-14,"{""highest_n1"": 470.0, ""lowest_n2"": 790.0, ""ATR_short1"": 130.0, ""ATR_long2"": 90.0}"
XMRUSDT-15K-OB-DY,15,1.0,0.002,0.0025,XMRUSDT,DynamicStrategy,2023-05-30,"{""ATR_short1"": 100.0, ""ATR_long2"": 770.0}"
XMRUSDT-15K-OB-VCP,15,1.0,0.002,0.0025,XMRUSDT,VCPStrategy,2023-04-05,"{""highest_n1"": 50.0, ""lowest_n2"": 700.0, ""std_n3"": 60.0, ""volume_n3"": 190.0}"
XRPUSDT-15K-OB,15,1.0,0.002,0.0025,XRPUSDT,TurtleStrategy,2023-03-12,"{""highest_n1"": 650.0, ""lowest_n2"": 310.0, ""ATR_short1"": 70.0, ""ATR_long2"": 10.0}"
XRPUSDT-15K-OB-DY,15,1.0,0.002,0.0025,XRPUSDT,DynamicStrategy,2023-05-28,"{""ATR_short1"": 420.0, ""ATR_long2"": 570.0}"
XRPUSDT-15K-OB-VCP,15,1.0,0.002,0.0025,XRPUSDT,VCPStrategy,2023-04-05,"{""highest_n1"": 550.0, ""lowest_n2"": 250.0, ""std_n3"": 140.0, ""volume_n3"": 190.0}"
XTZUSDT-15K-OB,15,1.0,0.002,0.0025,XTZUSDT,TurtleStrategy,2023-03-14,"{""highest_n1"": 210.0, ""lowest_n2"": 130.0, ""ATR_short1"": 60.0, ""ATR_long2"": 10.0}"
XTZUSDT-15K-OB-DY,15,1.0,0.002,0.0025,XTZUSDT,DynamicStrategy,2023-05-31,"{""ATR_short1"": 20.0, ""ATR_long2"": 10.0}"
XTZUSDT-15K-OB-VCP,15,1.0,0.002,0.0025,XTZUSDT,VCPStrategy,2023-04-06,"{""highest_n1"": 650.0, ""lowest_n2"": 550.0, ""std_n3"": 80.0, ""volume_n3"": 100.0}"
XVSUSDT-15K-OB-DY,15,1.0,0.002,0.0025,XVSUSDT,DynamicStrategy,2023-06-20,"{""ATR_short1"": 60.0, ""ATR_long2"": 40.0}"
XVSUSDT-15K-OB-VCP,15,1.0,0.002,0.0025,XVSUSDT,VCPStrategy,2023-04-15,"{""highest_n1"": 300.0, ""lowest_n2"": 600.0, ""std_n3"": 50.0, ""volume_n3"": 150.0}"
YFIUSDT-15K-OB,15,1.0,0.002,0.0025,YFIUSDT,TurtleStrategy,2023-03-19,"{""highest_n1"": 530.0, ""lowest_n2"": 90.0, ""ATR_short1"": 120.0, ""ATR_long2"": 170.0}"
YFIUSDT-15K-OB-DY,15,1.0,0.002,0.0025,YFIUSDT,DynamicStrategy,2023-06-07,"{""ATR_short1"": 900.0, ""ATR_long2"": 680.0}"
YFIUSDT-15K-OB-VCP,15,1.0,0.002,0.0025,YFIUSDT,VCPStrategy,2023-04-08,"{""highest_n1"": 750.0, ""lowest_n2"": 50.0, ""std_n3"": 80.0, ""volume_n3"": 70.0}"
ZECUSDT-15K-OB,15,1.0,0.002,0.0025,ZECUSDT,TurtleStrategy,2023-03-14,"{""highest_n1"": 630.0, ""lowest_n2"": 250.0, ""ATR_short1"": 70.0, ""ATR_long2"": 60.0}"
ZECUSDT-15K-OB-DY,15,1.0,0.002,0.0025,ZECUSDT,DynamicStrategy,2023-05-31,"{""ATR_short1"": 170.0, ""ATR_long2"": 280.0}"
ZECUSDT-15K-OB-VCP,15,1.0,0.002,0.0025,ZECUSDT,VCPStrategy,2023-04-05,"{""highest_n1"": 750.0, ""lowest_n2"": 600.0, ""std_n3"": 110.0, ""volume_n3"": 90.0}"
ZENUSDT-15K-OB,15,1.0,0.002,0.0025,ZENUSDT,TurtleStrategy,2023-03-23,"{""highest_n1"": 770.0, ""lowest_n2"": 270.0, ""ATR_short1"": 180.0, ""ATR_long2"": 100.0}"
ZENUSDT-15K-OB-DY,15,1.0,0.002,0.0025,ZENUSDT,DynamicStrategy,2023-06-11,"{""ATR_short1"": 980.0, ""ATR_long2"": 100.0}"
ZENUSDT-15K-OB-VCP,15,1.0,0.002,0.0025,ZENUSDT,VCPStrategy,2023-04-09,"{""highest_n1"": 150.0, ""lowest_n2"": 400.0, ""std_n3"": 100.0, ""volume_n3"": 100.0}"
ZILUSDT-15K-OB,15,1.0,0.002,0.0025,ZILUSDT,TurtleStrategy,2023-03-16,"{""highest_n1"": 670.0, ""lowest_n2"": 330.0, ""ATR_short1"": 180.0, ""ATR_long2"": 10.0}"
ZILUSDT-15K-OB-DY,15,1.0,0.002,0.0025,ZILUSDT,DynamicStrategy,2023-06-03,"{""ATR_short1"": 20.0, ""ATR_long2"": 180.0}"
ZILUSDT-15K-OB-VCP,15,1.0,0.002,0.0025,ZILUSDT,VCPStrategy,2023-04-07,"{""highest_n1"": 550.0, ""lowest_n2"": 300.0, ""std_n3"": 160.0, ""volume_n3"": 130.0}"
ZRXUSDT-15K-OB,15,1.0,0.002,0.0025,ZRXUSDT,TurtleStrategy,2023-03-16,"{""highest_n1"": 670.0, ""lowest_n2"": 390.0, ""ATR_short1"": 110.0, ""ATR_long2"": 80.0}"
ZRXUSDT-15K-OB-DY,15,1.0,0.002,0.0025,ZRXUSDT,DynamicStrategy,2023-06-04,"{""ATR_short1"": 530.0, ""ATR_long2"": 750.0}"
ZRXUSDT-15K-OB-VCP,15,1.0,0.002,0.0025,ZRXUSDT,VCPStrategy,2023-04-07,"{""highest_n1"": 650.0, ""lowest_n2"": 400.0, ""std_n3"": 130.0, ""volume_n3"": 190.0}"
